subdominio,ip,ruta_script
quesadilla-ezno.curso.pythoncdmx.org,245.232.137.2,/root/run123_hat.sh
bug-evli.curso.pythoncdmx.org,36.195.47.204,/usr/local/bin/script_oeu.sh
tlayuda-svbe.curso.pythoncdmx.org,78.61.152.251,/weird\path/run123_jtt.sh
quesadilla-wfuf.curso.pythoncdmx.org,158.67.183.49,/opt/verifica_nxo.sh
quesadilla-ehwa.curso.pythoncdmx.org,102.250.228.198,/usr/local/bin/verifica_kes.sh
chido-utps.curso.pythoncdmx.org,8.58.236.91,/home/user/monitorea_sdb.sh
nopalito-jcxq.curso.pythoncdmx.org,201.23.42.213,/root/explota_gatito_hwn.sh
pambazo-xjqc.curso.pythoncdmx.org,152.160.232.230,/weird\path/deploy_tlb.sh
puerquito-tgtz.curso.pythoncdmx.org,135.174.95.108,/usr/local/bin/run123_mzp.sh
tlayuda-rsnq.curso.pythoncdmx.org,249.155.184.202,C:\Users\Admin/script_dsc.sh
pambazo-kegk.curso.pythoncdmx.org,44.64.69.7,/opt/verifica_pma.sh
nopalito-svlc.curso.pythoncdmx.org,97.44.154.237,/weird\path/explota_gatito_dkg.sh
pambazo-cwvh.curso.pythoncdmx.org,239.67.150.199,/home/user/explota_gatito_xjz.sh
bug-eyjh.curso.pythoncdmx.org,184.241.82.106,/opt/inicia_thd.sh
guajolocombo-kfri.curso.pythoncdmx.org,252.155.120.107,C:\Users\Admin/inicia_dzj.sh
pambazo-wnyn.curso.pythoncdmx.org,53.25.224.234,/tmp/scripts/inicia_itz.sh
tamalito-opfp.curso.pythoncdmx.org,56.54.52.21,C:\Users\Admin/monitorea_qnh.sh
bug-cywu.curso.pythoncdmx.org,35.43.173.161,/home/user/inicia_lhw.sh
puerquito-xaev.curso.pythoncdmx.org,151.214.205.155,/weird\path/run123_gsz.sh
chido-piko.curso.pythoncdmx.org,160.176.4.143,C:\Users\Admin/script_lot.sh
puerquito-ygjm.curso.pythoncdmx.org,75.206.228.105,/weird\path/run123_qnl.sh
pambazo-svpy.curso.pythoncdmx.org,226.176.207.101,/opt/deploy_spl.sh
tamalito-ibdn.curso.pythoncdmx.org,43.18.171.199,/home/user/inicia_jmu.sh
bug-uabf.curso.pythoncdmx.org,64.145.109.47,C:\Users\Admin/monitorea_gek.sh
puerquito-xjkp.curso.pythoncdmx.org,56.30.190.132,/weird\path/verifica_ret.sh
tlayuda-cqmt.curso.pythoncdmx.org,181.63.24.63,/opt/script_nyy.sh
guajolocombo-qzvh.curso.pythoncdmx.org,71.193.126.53,/home/user/verifica_jap.sh
nopalito-hmro.curso.pythoncdmx.org,243.109.228.39,/usr/local/bin/monitorea_sdm.sh
bug-tsqq.curso.pythoncdmx.org,9.61.92.9,/opt/verifica_jyv.sh
tlayuda-vwrv.curso.pythoncdmx.org,9.137.51.126,/home/user/run123_gjd.sh
chido-uxou.curso.pythoncdmx.org,64.155.208.228,/usr/local/bin/run123_swu.sh
bug-koyk.curso.pythoncdmx.org,148.85.0.30,/weird\path/script_brl.sh
puerquito-mkdt.curso.pythoncdmx.org,246.139.128.194,/root/verifica_dfp.sh
chido-qefo.curso.pythoncdmx.org,108.144.23.82,/root/explota_gatito_hto.sh
puerquito-dxtv.curso.pythoncdmx.org,35.153.45.202,/opt/monitorea_kti.sh
nopalito-auuk.curso.pythoncdmx.org,71.143.221.107,/opt/deploy_qxe.sh
tlayuda-kxbb.curso.pythoncdmx.org,162.175.133.231,/tmp/scripts/verifica_akj.sh
guajolocombo-bjqh.curso.pythoncdmx.org,2.4.88.211,/weird\path/script_nyi.sh
quesadilla-svxy.curso.pythoncdmx.org,107.3.100.202,/root/run123_pna.sh
chambitas-flcd.curso.pythoncdmx.org,232.1.218.26,C:\Users\Admin/script_bpp.sh
chido-jfkv.curso.pythoncdmx.org,165.221.208.140,C:\Users\Admin/inicia_mju.sh
tlayuda-idkn.curso.pythoncdmx.org,115.216.38.127,C:\Users\Admin/run123_gai.sh
tamalito-lhbl.curso.pythoncdmx.org,63.43.31.17,/home/user/run123_brl.sh
tamalito-knyx.curso.pythoncdmx.org,26.150.195.205,/usr/local/bin/monitorea_hqv.sh
tlayuda-neqg.curso.pythoncdmx.org,64.131.181.215,/tmp/scripts/explota_gatito_hlj.sh
bug-eotm.curso.pythoncdmx.org,74.29.121.27,C:\Users\Admin/verifica_ans.sh
tlayuda-ltwg.curso.pythoncdmx.org,171.153.214.168,C:\Users\Admin/deploy_qws.sh
nopalito-ftya.curso.pythoncdmx.org,101.101.145.89,/weird\path/inicia_tjo.sh
bug-wmxn.curso.pythoncdmx.org,10.70.194.56,/weird\path/inicia_jep.sh
chido-jaoc.curso.pythoncdmx.org,96.150.76.167,C:\Users\Admin/script_ccv.sh
quesadilla-tyon.curso.pythoncdmx.org,80.191.130.43,/opt/explota_gatito_odu.sh
guajolocombo-xaia.curso.pythoncdmx.org,140.97.70.133,/root/deploy_iiq.sh
chambitas-rozp.curso.pythoncdmx.org,116.116.107.242,/tmp/scripts/inicia_suz.sh
puerquito-zqhp.curso.pythoncdmx.org,78.169.200.195,/usr/local/bin/deploy_uoq.sh
chido-slje.curso.pythoncdmx.org,155.47.87.53,/tmp/scripts/run123_hml.sh
guajolocombo-wolm.curso.pythoncdmx.org,90.16.250.13,/weird\path/verifica_pre.sh
guajolocombo-iomt.curso.pythoncdmx.org,251.235.236.20,/root/run123_awt.sh
puerquito-inke.curso.pythoncdmx.org,147.233.177.152,/home/user/deploy_rtn.sh
chambitas-jswr.curso.pythoncdmx.org,62.188.39.53,/opt/inicia_qmx.sh
puerquito-kpfj.curso.pythoncdmx.org,82.87.9.51,/root/explota_gatito_upd.sh
pambazo-egyr.curso.pythoncdmx.org,85.85.22.212,C:\Users\Admin/explota_gatito_ltt.sh
chambitas-iprc.curso.pythoncdmx.org,188.22.34.111,/weird\path/verifica_ciq.sh
puerquito-csja.curso.pythoncdmx.org,162.246.34.171,/home/user/inicia_qst.sh
puerquito-gkwi.curso.pythoncdmx.org,147.12.117.169,/root/run123_ufa.sh
chido-fvig.curso.pythoncdmx.org,184.203.193.85,/usr/local/bin/script_qjh.sh
chido-aqyd.curso.pythoncdmx.org,178.250.188.29,C:\Users\Admin/deploy_yxc.sh
bug-ediv.curso.pythoncdmx.org,217.126.124.244,/usr/local/bin/deploy_hms.sh
tlayuda-kjwu.curso.pythoncdmx.org,137.107.203.157,/tmp/scripts/run123_vwn.sh
pambazo-edyx.curso.pythoncdmx.org,175.161.122.184,/weird\path/script_asp.sh
pambazo-jfqg.curso.pythoncdmx.org,193.29.182.169,/tmp/scripts/explota_gatito_kya.sh
tamalito-fimn.curso.pythoncdmx.org,1.233.205.71,/home/user/verifica_hvx.sh
bug-oech.curso.pythoncdmx.org,164.8.184.23,/tmp/scripts/deploy_drz.sh
bug-lqly.curso.pythoncdmx.org,166.227.119.248,/opt/run123_bxf.sh
guajolocombo-tdvz.curso.pythoncdmx.org,73.16.65.254,/opt/monitorea_lhw.sh
nopalito-hybf.curso.pythoncdmx.org,154.239.86.228,/tmp/scripts/script_erj.sh
chido-qqbt.curso.pythoncdmx.org,246.123.124.108,C:\Users\Admin/monitorea_pay.sh
nopalito-mitj.curso.pythoncdmx.org,63.69.251.46,/weird\path/verifica_byh.sh
chambitas-yrzy.curso.pythoncdmx.org,170.114.33.175,/opt/run123_bcs.sh
puerquito-ogeq.curso.pythoncdmx.org,17.163.158.63,/root/monitorea_tvk.sh
chambitas-uwoi.curso.pythoncdmx.org,26.91.249.200,/weird\path/inicia_enw.sh
pambazo-kmqt.curso.pythoncdmx.org,70.226.247.149,/weird\path/inicia_jda.sh
tlayuda-sdxp.curso.pythoncdmx.org,107.111.100.4,C:\Users\Admin/verifica_qvj.sh
puerquito-kbvt.curso.pythoncdmx.org,91.26.60.173,/opt/run123_wgt.sh
chido-fhhx.curso.pythoncdmx.org,88.192.45.237,/root/monitorea_uwn.sh
tlayuda-wocb.curso.pythoncdmx.org,195.140.227.188,/opt/deploy_pjh.sh
tlayuda-eyyt.curso.pythoncdmx.org,48.92.196.247,/home/user/run123_pry.sh
puerquito-tyfq.curso.pythoncdmx.org,222.152.64.50,/root/script_yyt.sh
tamalito-flde.curso.pythoncdmx.org,92.2.228.160,/opt/verifica_rau.sh
pambazo-yxua.curso.pythoncdmx.org,227.71.251.160,/root/verifica_hmq.sh
bug-fdhq.curso.pythoncdmx.org,73.104.36.137,/tmp/scripts/deploy_ork.sh
nopalito-iyew.curso.pythoncdmx.org,98.190.83.214,/usr/local/bin/explota_gatito_tod.sh
quesadilla-enon.curso.pythoncdmx.org,161.222.194.13,C:\Users\Admin/monitorea_qvt.sh
nopalito-ldas.curso.pythoncdmx.org,126.39.138.63,/home/user/explota_gatito_vht.sh
guajolocombo-jwrl.curso.pythoncdmx.org,250.48.178.144,/root/verifica_plt.sh
pambazo-atgg.curso.pythoncdmx.org,214.234.93.224,/tmp/scripts/inicia_kso.sh
puerquito-bstw.curso.pythoncdmx.org,239.146.141.219,/tmp/scripts/inicia_tcf.sh
chido-gpap.curso.pythoncdmx.org,84.29.43.146,/weird\path/verifica_mrv.sh
tlayuda-vykp.curso.pythoncdmx.org,3.217.176.125,/root/run123_ckz.sh
chambitas-qfpr.curso.pythoncdmx.org,21.229.86.115,/root/run123_ztb.sh
bug-ptcx.curso.pythoncdmx.org,127.60.148.153,/opt/inicia_sor.sh
puerquito-yugr.curso.pythoncdmx.org,95.205.181.4,/home/user/script_wud.sh
tlayuda-nnzp.curso.pythoncdmx.org,136.60.215.250,/usr/local/bin/inicia_piw.sh
nopalito-ntgz.curso.pythoncdmx.org,97.203.253.38,/home/user/explota_gatito_yby.sh
bug-mmcv.curso.pythoncdmx.org,107.59.0.177,/home/user/explota_gatito_dph.sh
bug-ohkt.curso.pythoncdmx.org,188.166.42.135,/weird\path/inicia_aqh.sh
puerquito-xdsk.curso.pythoncdmx.org,209.150.166.29,/weird\path/explota_gatito_abh.sh
quesadilla-rbbj.curso.pythoncdmx.org,5.182.112.143,/root/inicia_vav.sh
bug-julu.curso.pythoncdmx.org,12.116.218.197,/weird\path/deploy_ayh.sh
bug-eqxy.curso.pythoncdmx.org,144.182.39.170,/root/script_jmz.sh
pambazo-vjos.curso.pythoncdmx.org,76.75.163.75,/usr/local/bin/deploy_tun.sh
pambazo-odno.curso.pythoncdmx.org,82.5.202.216,/tmp/scripts/monitorea_hou.sh
chido-qbhf.curso.pythoncdmx.org,232.132.156.116,/root/script_dac.sh
tlayuda-xzgr.curso.pythoncdmx.org,144.203.99.161,/opt/run123_fkt.sh
nopalito-usxj.curso.pythoncdmx.org,182.66.49.169,/tmp/scripts/monitorea_xup.sh
pambazo-mgql.curso.pythoncdmx.org,173.148.184.220,/usr/local/bin/run123_poa.sh
chambitas-shuk.curso.pythoncdmx.org,230.134.21.29,/root/explota_gatito_sqe.sh
quesadilla-tmxt.curso.pythoncdmx.org,125.4.79.53,C:\Users\Admin/monitorea_hlv.sh
nopalito-pjaa.curso.pythoncdmx.org,246.243.82.223,/root/run123_ilv.sh
bug-rhxw.curso.pythoncdmx.org,49.18.111.96,/home/user/monitorea_lgt.sh
pambazo-tzen.curso.pythoncdmx.org,8.154.157.63,/home/user/run123_urh.sh
bug-dwju.curso.pythoncdmx.org,233.211.210.180,/home/user/verifica_che.sh
nopalito-pjya.curso.pythoncdmx.org,162.171.87.220,/usr/local/bin/explota_gatito_fdj.sh
bug-eeeh.curso.pythoncdmx.org,81.223.118.50,C:\Users\Admin/verifica_aui.sh
tlayuda-bach.curso.pythoncdmx.org,64.60.200.133,/weird\path/monitorea_yjr.sh
bug-gqhm.curso.pythoncdmx.org,81.165.104.47,/opt/inicia_rzl.sh
chambitas-vbdf.curso.pythoncdmx.org,193.133.26.140,/weird\path/inicia_uec.sh
quesadilla-xkfr.curso.pythoncdmx.org,211.37.249.39,/weird\path/explota_gatito_okb.sh
tamalito-xjao.curso.pythoncdmx.org,16.60.175.177,/opt/verifica_dbc.sh
tamalito-skmh.curso.pythoncdmx.org,109.238.164.119,/opt/script_yaq.sh
bug-iegx.curso.pythoncdmx.org,222.162.163.101,/root/verifica_gir.sh
pambazo-gbnv.curso.pythoncdmx.org,145.67.206.18,/root/explota_gatito_pdm.sh
guajolocombo-ggvw.curso.pythoncdmx.org,20.172.8.35,/home/user/explota_gatito_ehy.sh
puerquito-tjgg.curso.pythoncdmx.org,2.26.132.22,/tmp/scripts/verifica_mvr.sh
tamalito-zrmk.curso.pythoncdmx.org,105.39.38.253,/home/user/monitorea_jyw.sh
tlayuda-fewy.curso.pythoncdmx.org,78.54.66.112,/opt/inicia_wtt.sh
chido-nqro.curso.pythoncdmx.org,197.231.103.204,/usr/local/bin/verifica_pgi.sh
tamalito-hxgo.curso.pythoncdmx.org,56.123.8.235,/tmp/scripts/run123_clu.sh
nopalito-arlz.curso.pythoncdmx.org,148.116.85.75,/opt/monitorea_xzs.sh
tamalito-kvxg.curso.pythoncdmx.org,51.155.171.231,/home/user/deploy_glt.sh
tlayuda-ljvo.curso.pythoncdmx.org,62.221.232.177,C:\Users\Admin/verifica_kfd.sh
pambazo-zoay.curso.pythoncdmx.org,236.235.27.43,/home/user/deploy_nfc.sh
chido-vwxg.curso.pythoncdmx.org,227.200.28.62,/weird\path/deploy_dvv.sh
guajolocombo-hwzn.curso.pythoncdmx.org,173.235.71.142,/tmp/scripts/monitorea_ngk.sh
tlayuda-emuz.curso.pythoncdmx.org,155.201.34.247,/opt/deploy_oft.sh
tamalito-aidu.curso.pythoncdmx.org,102.100.129.251,/home/user/script_oau.sh
bug-femh.curso.pythoncdmx.org,49.104.17.71,/root/explota_gatito_air.sh
nopalito-lnwg.curso.pythoncdmx.org,184.208.36.174,/tmp/scripts/explota_gatito_wpa.sh
quesadilla-fozz.curso.pythoncdmx.org,134.15.16.173,/home/user/explota_gatito_knb.sh
guajolocombo-oibv.curso.pythoncdmx.org,18.177.36.213,/opt/run123_yjl.sh
chido-klic.curso.pythoncdmx.org,100.194.9.246,/root/script_cxn.sh
nopalito-cmss.curso.pythoncdmx.org,188.180.99.175,/home/user/explota_gatito_lps.sh
tamalito-prdu.curso.pythoncdmx.org,23.7.127.29,/tmp/scripts/verifica_kmb.sh
chambitas-ixgy.curso.pythoncdmx.org,245.62.39.39,/home/user/verifica_awf.sh
chido-xrex.curso.pythoncdmx.org,118.156.107.62,/opt/monitorea_fxm.sh
tlayuda-jzaw.curso.pythoncdmx.org,222.218.29.55,/weird\path/run123_xyd.sh
quesadilla-svmo.curso.pythoncdmx.org,140.43.127.151,/weird\path/script_lvo.sh
tlayuda-rqxr.curso.pythoncdmx.org,225.92.132.141,/weird\path/verifica_hhf.sh
chido-akyq.curso.pythoncdmx.org,94.225.162.21,/usr/local/bin/run123_vux.sh
chambitas-zipx.curso.pythoncdmx.org,176.110.193.16,/root/explota_gatito_ukb.sh
nopalito-kakm.curso.pythoncdmx.org,76.195.40.39,/home/user/verifica_evh.sh
chido-qklx.curso.pythoncdmx.org,114.214.62.26,/home/user/verifica_vpt.sh
chido-bklg.curso.pythoncdmx.org,225.162.137.99,/opt/script_aas.sh
chambitas-znsd.curso.pythoncdmx.org,150.124.168.124,/weird\path/inicia_tcb.sh
chambitas-rohp.curso.pythoncdmx.org,185.118.233.161,/opt/script_gmi.sh
nopalito-wakl.curso.pythoncdmx.org,59.123.227.209,/opt/deploy_ewc.sh
chido-jato.curso.pythoncdmx.org,240.51.64.17,/home/user/run123_iwp.sh
guajolocombo-qaxi.curso.pythoncdmx.org,12.85.37.67,/usr/local/bin/explota_gatito_rhb.sh
bug-bygr.curso.pythoncdmx.org,172.55.23.37,/opt/script_sfg.sh
chido-sdxc.curso.pythoncdmx.org,181.229.209.230,/home/user/verifica_jsv.sh
guajolocombo-ftae.curso.pythoncdmx.org,223.148.244.68,C:\Users\Admin/inicia_ons.sh
chido-tuxm.curso.pythoncdmx.org,42.77.3.189,/weird\path/deploy_vze.sh
guajolocombo-ywtb.curso.pythoncdmx.org,232.194.164.224,/root/verifica_iyb.sh
nopalito-pssr.curso.pythoncdmx.org,54.118.142.72,/weird\path/run123_ucz.sh
chido-dqzh.curso.pythoncdmx.org,64.232.151.56,/tmp/scripts/explota_gatito_ypq.sh
guajolocombo-fdsm.curso.pythoncdmx.org,61.227.221.252,/home/user/inicia_ozt.sh
guajolocombo-scjf.curso.pythoncdmx.org,250.200.182.246,/tmp/scripts/run123_gzt.sh
guajolocombo-zcrv.curso.pythoncdmx.org,133.162.210.200,/opt/deploy_skm.sh
quesadilla-abkx.curso.pythoncdmx.org,217.204.133.27,/home/user/inicia_nmw.sh
bug-vxlt.curso.pythoncdmx.org,168.66.10.10,C:\Users\Admin/inicia_crw.sh
bug-gkdo.curso.pythoncdmx.org,46.170.180.32,/opt/script_nor.sh
quesadilla-zkfh.curso.pythoncdmx.org,107.185.101.80,/tmp/scripts/run123_yww.sh
pambazo-rcnn.curso.pythoncdmx.org,202.117.148.82,/weird\path/inicia_wjb.sh
chido-nmzy.curso.pythoncdmx.org,169.211.110.127,C:\Users\Admin/deploy_qme.sh
tlayuda-ydgi.curso.pythoncdmx.org,18.10.52.203,/home/user/inicia_umf.sh
guajolocombo-szhl.curso.pythoncdmx.org,21.80.144.154,/usr/local/bin/explota_gatito_yth.sh
nopalito-rjgg.curso.pythoncdmx.org,142.247.145.125,/weird\path/monitorea_muc.sh
chido-vgcv.curso.pythoncdmx.org,228.189.244.55,/opt/monitorea_krp.sh
puerquito-mazg.curso.pythoncdmx.org,170.73.42.48,/opt/explota_gatito_gso.sh
chambitas-jgjm.curso.pythoncdmx.org,129.210.159.172,/weird\path/explota_gatito_rxz.sh
bug-ksuj.curso.pythoncdmx.org,18.164.208.2,/tmp/scripts/deploy_htf.sh
pambazo-qpgx.curso.pythoncdmx.org,85.101.224.58,C:\Users\Admin/deploy_hie.sh
chambitas-rlcx.curso.pythoncdmx.org,138.165.190.84,/root/explota_gatito_mna.sh
chido-nrdy.curso.pythoncdmx.org,143.91.134.52,C:\Users\Admin/monitorea_guq.sh
quesadilla-bmqe.curso.pythoncdmx.org,177.217.109.97,/home/user/run123_fvg.sh
chido-qbts.curso.pythoncdmx.org,31.160.49.142,/tmp/scripts/deploy_shu.sh
quesadilla-ybyj.curso.pythoncdmx.org,99.8.170.162,/home/user/inicia_pnk.sh
chido-axmr.curso.pythoncdmx.org,86.187.7.206,C:\Users\Admin/inicia_bfe.sh
tlayuda-hzrd.curso.pythoncdmx.org,147.106.175.137,/tmp/scripts/deploy_ziq.sh
bug-nqcz.curso.pythoncdmx.org,4.81.215.243,/opt/verifica_xvd.sh
guajolocombo-xaqo.curso.pythoncdmx.org,101.71.66.170,C:\Users\Admin/inicia_gtz.sh
puerquito-pehw.curso.pythoncdmx.org,27.46.158.72,/opt/script_cgc.sh
tlayuda-mytu.curso.pythoncdmx.org,234.202.84.235,/home/user/monitorea_ijt.sh
puerquito-rqec.curso.pythoncdmx.org,223.46.125.78,/weird\path/monitorea_vjl.sh
nopalito-lgdz.curso.pythoncdmx.org,191.2.244.81,/home/user/script_elw.sh
guajolocombo-izwo.curso.pythoncdmx.org,117.70.255.96,C:\Users\Admin/inicia_nnn.sh
guajolocombo-eykj.curso.pythoncdmx.org,177.51.207.6,/root/deploy_fuv.sh
chambitas-bqnh.curso.pythoncdmx.org,59.230.190.242,/usr/local/bin/run123_yii.sh
chido-nhko.curso.pythoncdmx.org,186.57.91.217,/weird\path/inicia_krc.sh
guajolocombo-yrjl.curso.pythoncdmx.org,252.220.140.176,/home/user/explota_gatito_obi.sh
chido-bwmd.curso.pythoncdmx.org,124.234.20.39,/root/explota_gatito_qjp.sh
tamalito-emmc.curso.pythoncdmx.org,124.25.191.242,/tmp/scripts/inicia_xti.sh
guajolocombo-dqra.curso.pythoncdmx.org,145.139.2.208,/home/user/monitorea_qns.sh
quesadilla-kopy.curso.pythoncdmx.org,113.32.147.235,/weird\path/verifica_nrr.sh
tamalito-kfxl.curso.pythoncdmx.org,142.163.185.54,/opt/explota_gatito_ztp.sh
pambazo-wakj.curso.pythoncdmx.org,162.200.115.206,C:\Users\Admin/explota_gatito_cgo.sh
pambazo-wyhf.curso.pythoncdmx.org,50.196.214.214,/home/user/monitorea_gjp.sh
tamalito-uhdo.curso.pythoncdmx.org,122.89.241.102,C:\Users\Admin/explota_gatito_lrd.sh
tlayuda-wwgn.curso.pythoncdmx.org,236.56.169.81,/root/monitorea_jfc.sh
guajolocombo-cmbi.curso.pythoncdmx.org,12.224.246.30,/home/user/run123_mhz.sh
guajolocombo-aaho.curso.pythoncdmx.org,57.86.187.211,/tmp/scripts/verifica_ryt.sh
bug-ydpo.curso.pythoncdmx.org,72.124.247.107,/usr/local/bin/script_fhr.sh
chido-oxyi.curso.pythoncdmx.org,150.79.65.75,/root/monitorea_nck.sh
nopalito-bfuv.curso.pythoncdmx.org,196.131.116.14,/opt/explota_gatito_oop.sh
chido-dkzf.curso.pythoncdmx.org,155.75.6.132,/weird\path/run123_ztd.sh
chambitas-afkl.curso.pythoncdmx.org,28.228.126.125,/weird\path/monitorea_bxb.sh
chido-lwkv.curso.pythoncdmx.org,168.247.145.153,/opt/inicia_nan.sh
puerquito-mucx.curso.pythoncdmx.org,240.253.83.91,/opt/deploy_rys.sh
quesadilla-igcu.curso.pythoncdmx.org,161.230.157.217,/root/deploy_xnr.sh
tlayuda-uikn.curso.pythoncdmx.org,103.106.131.150,/opt/inicia_kur.sh
tamalito-dcbn.curso.pythoncdmx.org,12.164.218.195,C:\Users\Admin/monitorea_owq.sh
chido-gjrk.curso.pythoncdmx.org,37.166.211.77,/home/user/deploy_gmk.sh
tlayuda-bxzb.curso.pythoncdmx.org,153.102.45.224,/opt/inicia_vzs.sh
tlayuda-qsei.curso.pythoncdmx.org,11.71.61.210,/weird\path/deploy_ybp.sh
guajolocombo-jivp.curso.pythoncdmx.org,97.37.220.141,/usr/local/bin/inicia_mfh.sh
chido-haew.curso.pythoncdmx.org,103.155.83.217,/weird\path/verifica_hqq.sh
bug-gexm.curso.pythoncdmx.org,119.111.181.13,C:\Users\Admin/monitorea_cqw.sh
bug-brqa.curso.pythoncdmx.org,61.250.183.162,/home/user/deploy_vkx.sh
nopalito-cfcr.curso.pythoncdmx.org,150.190.212.80,/weird\path/explota_gatito_jxc.sh
chido-bowf.curso.pythoncdmx.org,23.193.86.80,/tmp/scripts/explota_gatito_biq.sh
tamalito-vcwc.curso.pythoncdmx.org,225.68.0.159,/usr/local/bin/deploy_otp.sh
tamalito-jhrw.curso.pythoncdmx.org,100.64.112.66,/weird\path/deploy_fud.sh
puerquito-mvnu.curso.pythoncdmx.org,73.115.42.48,/root/verifica_hjr.sh
guajolocombo-frcd.curso.pythoncdmx.org,144.53.127.115,/root/monitorea_goj.sh
quesadilla-wlvk.curso.pythoncdmx.org,121.82.203.165,/tmp/scripts/run123_iag.sh
tlayuda-hrce.curso.pythoncdmx.org,175.134.32.187,/weird\path/run123_hzm.sh
puerquito-xoaj.curso.pythoncdmx.org,185.117.85.191,/tmp/scripts/run123_nly.sh
bug-vqro.curso.pythoncdmx.org,215.243.239.164,C:\Users\Admin/inicia_kcs.sh
chido-lnlv.curso.pythoncdmx.org,167.5.60.159,/usr/local/bin/deploy_wwp.sh
chambitas-weox.curso.pythoncdmx.org,20.195.130.57,/opt/inicia_imj.sh
tamalito-nqwz.curso.pythoncdmx.org,218.86.249.149,/opt/inicia_qbs.sh
bug-elgo.curso.pythoncdmx.org,141.128.168.214,/root/script_cmh.sh
quesadilla-tsbm.curso.pythoncdmx.org,128.182.42.6,/tmp/scripts/script_ehf.sh
tlayuda-eqyn.curso.pythoncdmx.org,195.21.55.50,/root/script_ikw.sh
pambazo-gbdp.curso.pythoncdmx.org,19.204.221.13,/weird\path/verifica_mid.sh
bug-jsvn.curso.pythoncdmx.org,88.255.45.170,/opt/monitorea_xul.sh
bug-pzbl.curso.pythoncdmx.org,95.195.103.135,C:\Users\Admin/inicia_scu.sh
quesadilla-aaul.curso.pythoncdmx.org,248.179.172.224,C:\Users\Admin/explota_gatito_oji.sh
puerquito-yikp.curso.pythoncdmx.org,81.86.165.8,/tmp/scripts/inicia_ytf.sh
tamalito-okwa.curso.pythoncdmx.org,150.42.165.115,/opt/inicia_mvx.sh
quesadilla-uxbf.curso.pythoncdmx.org,110.74.6.151,/tmp/scripts/monitorea_vsd.sh
bug-mryo.curso.pythoncdmx.org,114.238.137.27,/home/user/monitorea_cim.sh
nopalito-ppic.curso.pythoncdmx.org,14.251.220.68,/weird\path/verifica_bpu.sh
bug-decw.curso.pythoncdmx.org,110.231.158.155,/root/verifica_tsi.sh
puerquito-iere.curso.pythoncdmx.org,36.32.211.82,/tmp/scripts/deploy_irj.sh
tlayuda-cbib.curso.pythoncdmx.org,127.91.92.15,/usr/local/bin/verifica_wdk.sh
chambitas-kwbf.curso.pythoncdmx.org,253.61.169.45,C:\Users\Admin/inicia_tvp.sh
pambazo-ktnn.curso.pythoncdmx.org,41.173.231.48,/weird\path/deploy_ico.sh
tlayuda-splo.curso.pythoncdmx.org,199.229.59.33,/root/script_hly.sh
quesadilla-isjn.curso.pythoncdmx.org,46.164.201.102,/root/explota_gatito_rwv.sh
pambazo-nepw.curso.pythoncdmx.org,157.88.160.24,/home/user/inicia_nqh.sh
quesadilla-aiph.curso.pythoncdmx.org,169.90.199.116,/usr/local/bin/inicia_eph.sh
chambitas-niln.curso.pythoncdmx.org,158.104.139.209,/weird\path/deploy_jcx.sh
tlayuda-avtq.curso.pythoncdmx.org,212.211.193.142,/opt/monitorea_nfx.sh
guajolocombo-olkf.curso.pythoncdmx.org,97.249.129.5,/root/run123_vjy.sh
nopalito-cvin.curso.pythoncdmx.org,202.21.229.65,C:\Users\Admin/deploy_phx.sh
puerquito-domd.curso.pythoncdmx.org,114.36.58.59,/tmp/scripts/verifica_zoj.sh
tamalito-biwh.curso.pythoncdmx.org,96.107.162.22,/tmp/scripts/deploy_xwj.sh
pambazo-ecug.curso.pythoncdmx.org,32.115.94.99,/weird\path/inicia_rwo.sh
bug-bxqs.curso.pythoncdmx.org,3.195.1.29,/home/user/monitorea_lts.sh
nopalito-qfnv.curso.pythoncdmx.org,61.114.18.37,/root/monitorea_ixd.sh
tlayuda-ifak.curso.pythoncdmx.org,232.245.78.232,/root/verifica_pck.sh
bug-mgtx.curso.pythoncdmx.org,186.237.209.191,/weird\path/deploy_ndr.sh
chido-oenw.curso.pythoncdmx.org,109.201.72.240,/opt/monitorea_ykq.sh
chido-ptmt.curso.pythoncdmx.org,79.205.101.77,/home/user/run123_uya.sh
tlayuda-kejz.curso.pythoncdmx.org,185.161.228.243,/home/user/monitorea_uoy.sh
guajolocombo-eavs.curso.pythoncdmx.org,42.181.253.8,/opt/run123_zpi.sh
chambitas-dyoa.curso.pythoncdmx.org,213.86.186.129,/weird\path/monitorea_fck.sh
tamalito-zcev.curso.pythoncdmx.org,5.9.154.194,/root/explota_gatito_jsx.sh
quesadilla-vlhk.curso.pythoncdmx.org,36.79.235.169,/opt/verifica_bky.sh
guajolocombo-vthu.curso.pythoncdmx.org,54.62.28.71,/usr/local/bin/verifica_vac.sh
chido-dcri.curso.pythoncdmx.org,31.226.94.3,/opt/deploy_fjx.sh
pambazo-mlwz.curso.pythoncdmx.org,88.77.94.111,/weird\path/verifica_nfd.sh
pambazo-atlr.curso.pythoncdmx.org,213.251.6.157,/tmp/scripts/deploy_zpz.sh
pambazo-bktt.curso.pythoncdmx.org,173.159.219.62,/home/user/script_bos.sh
chambitas-kzqv.curso.pythoncdmx.org,164.117.121.127,/root/explota_gatito_mvg.sh
chambitas-hgll.curso.pythoncdmx.org,30.242.126.114,C:\Users\Admin/explota_gatito_vnu.sh
guajolocombo-sabe.curso.pythoncdmx.org,167.182.247.74,/tmp/scripts/explota_gatito_rdx.sh
chambitas-aaoj.curso.pythoncdmx.org,163.248.160.102,/root/script_nex.sh
pambazo-duay.curso.pythoncdmx.org,96.61.151.31,/root/explota_gatito_xqn.sh
bug-otdg.curso.pythoncdmx.org,99.144.127.192,/tmp/scripts/monitorea_iom.sh
chambitas-ytpn.curso.pythoncdmx.org,63.26.167.244,C:\Users\Admin/inicia_yii.sh
quesadilla-tqko.curso.pythoncdmx.org,165.20.28.67,/root/verifica_yav.sh
pambazo-ovcw.curso.pythoncdmx.org,173.41.211.175,/opt/deploy_ati.sh
bug-mggb.curso.pythoncdmx.org,252.205.31.213,/tmp/scripts/verifica_ehd.sh
quesadilla-ccwi.curso.pythoncdmx.org,202.79.45.106,/opt/run123_bqt.sh
tlayuda-xhkl.curso.pythoncdmx.org,105.102.152.109,/tmp/scripts/explota_gatito_bxm.sh
tamalito-bdws.curso.pythoncdmx.org,155.184.237.27,/tmp/scripts/script_fyw.sh
guajolocombo-qzod.curso.pythoncdmx.org,117.129.111.12,C:\Users\Admin/inicia_crs.sh
tamalito-oryq.curso.pythoncdmx.org,140.0.155.227,/tmp/scripts/verifica_zwy.sh
puerquito-gdcc.curso.pythoncdmx.org,139.138.11.245,/home/user/deploy_uvf.sh
guajolocombo-fxoz.curso.pythoncdmx.org,96.120.229.0,/usr/local/bin/inicia_rxs.sh
chido-mltf.curso.pythoncdmx.org,22.222.250.118,/root/inicia_ljb.sh
quesadilla-kfqj.curso.pythoncdmx.org,24.146.186.45,/tmp/scripts/run123_xmj.sh
tamalito-qiam.curso.pythoncdmx.org,44.129.70.170,/opt/run123_mmi.sh
tamalito-mkey.curso.pythoncdmx.org,238.230.84.21,/tmp/scripts/verifica_ysv.sh
guajolocombo-hbyw.curso.pythoncdmx.org,96.0.55.253,/usr/local/bin/verifica_jmd.sh
bug-wlwh.curso.pythoncdmx.org,196.50.216.179,/opt/inicia_dig.sh
bug-oydi.curso.pythoncdmx.org,251.13.194.19,/usr/local/bin/deploy_hyg.sh
pambazo-pteg.curso.pythoncdmx.org,44.243.129.47,/tmp/scripts/script_gnd.sh
chido-zrhh.curso.pythoncdmx.org,48.5.65.14,/home/user/explota_gatito_nwj.sh
tamalito-nhun.curso.pythoncdmx.org,227.35.92.237,/weird\path/deploy_fef.sh
guajolocombo-cvjf.curso.pythoncdmx.org,59.51.84.71,/opt/inicia_gzr.sh
chido-vgds.curso.pythoncdmx.org,228.191.134.244,/opt/run123_ibs.sh
puerquito-kzfb.curso.pythoncdmx.org,200.5.190.30,/usr/local/bin/inicia_alq.sh
tamalito-popp.curso.pythoncdmx.org,96.243.244.245,C:\Users\Admin/script_etj.sh
tamalito-chyf.curso.pythoncdmx.org,21.164.202.14,/tmp/scripts/monitorea_uzf.sh
guajolocombo-xrwp.curso.pythoncdmx.org,80.123.147.254,/usr/local/bin/deploy_fah.sh
pambazo-munm.curso.pythoncdmx.org,221.15.213.33,C:\Users\Admin/deploy_rfm.sh
tlayuda-wxjt.curso.pythoncdmx.org,240.249.197.70,/usr/local/bin/verifica_swx.sh
pambazo-wssq.curso.pythoncdmx.org,201.1.34.96,/home/user/run123_vka.sh
tamalito-jbmj.curso.pythoncdmx.org,130.253.232.141,/opt/verifica_xwn.sh
tamalito-igit.curso.pythoncdmx.org,82.46.138.248,/home/user/inicia_cdd.sh
bug-ahht.curso.pythoncdmx.org,175.164.10.255,C:\Users\Admin/deploy_iqh.sh
quesadilla-fvmj.curso.pythoncdmx.org,186.24.117.46,/tmp/scripts/explota_gatito_zqh.sh
bug-rdyw.curso.pythoncdmx.org,81.47.25.128,C:\Users\Admin/inicia_rdf.sh
nopalito-foxm.curso.pythoncdmx.org,120.8.100.39,/weird\path/explota_gatito_boz.sh
nopalito-pfns.curso.pythoncdmx.org,236.125.232.89,/usr/local/bin/inicia_mrr.sh
tlayuda-resu.curso.pythoncdmx.org,127.82.21.34,/tmp/scripts/verifica_xrk.sh
pambazo-aury.curso.pythoncdmx.org,69.0.147.235,/root/inicia_ixt.sh
bug-owlw.curso.pythoncdmx.org,75.230.71.154,/usr/local/bin/explota_gatito_ugu.sh
chambitas-ucyl.curso.pythoncdmx.org,237.66.212.26,/weird\path/run123_lbo.sh
nopalito-gejs.curso.pythoncdmx.org,190.12.229.206,/tmp/scripts/script_xsu.sh
quesadilla-eweo.curso.pythoncdmx.org,249.221.18.34,/root/explota_gatito_udc.sh
puerquito-qjfm.curso.pythoncdmx.org,78.193.169.225,C:\Users\Admin/verifica_wyg.sh
puerquito-ascy.curso.pythoncdmx.org,136.73.72.100,/weird\path/run123_gnh.sh
tlayuda-becj.curso.pythoncdmx.org,99.214.99.213,C:\Users\Admin/monitorea_igo.sh
guajolocombo-gbej.curso.pythoncdmx.org,77.218.130.107,/root/run123_gci.sh
tlayuda-fufe.curso.pythoncdmx.org,125.115.11.222,C:\Users\Admin/inicia_zgv.sh
quesadilla-utkx.curso.pythoncdmx.org,112.127.237.78,/root/monitorea_iyv.sh
bug-lscj.curso.pythoncdmx.org,185.211.204.214,/usr/local/bin/explota_gatito_rrg.sh
guajolocombo-ywhi.curso.pythoncdmx.org,78.212.242.15,C:\Users\Admin/script_vsi.sh
guajolocombo-zngv.curso.pythoncdmx.org,145.70.33.236,/tmp/scripts/explota_gatito_rfn.sh
nopalito-soce.curso.pythoncdmx.org,133.80.49.254,/opt/deploy_oat.sh
chido-homl.curso.pythoncdmx.org,145.16.201.173,/weird\path/verifica_jmp.sh
nopalito-hfuw.curso.pythoncdmx.org,242.231.183.156,/opt/explota_gatito_bub.sh
tamalito-ukoe.curso.pythoncdmx.org,18.40.30.60,/home/user/monitorea_dok.sh
chido-tnju.curso.pythoncdmx.org,103.108.75.170,/weird\path/monitorea_hak.sh
bug-kgvi.curso.pythoncdmx.org,140.200.100.222,/tmp/scripts/deploy_wyo.sh
tlayuda-jfbv.curso.pythoncdmx.org,20.232.148.233,C:\Users\Admin/explota_gatito_sbu.sh
nopalito-toee.curso.pythoncdmx.org,199.168.90.102,C:\Users\Admin/verifica_czq.sh
chido-mldh.curso.pythoncdmx.org,132.86.149.131,/tmp/scripts/deploy_aej.sh
bug-rwrf.curso.pythoncdmx.org,1.122.33.138,/opt/run123_uiz.sh
pambazo-dfcj.curso.pythoncdmx.org,58.231.172.62,/usr/local/bin/run123_nyo.sh
pambazo-dtlm.curso.pythoncdmx.org,128.9.44.32,/root/verifica_yur.sh
pambazo-pezv.curso.pythoncdmx.org,167.94.47.70,/home/user/verifica_nir.sh
tlayuda-qehe.curso.pythoncdmx.org,51.185.58.48,/opt/monitorea_ybh.sh
pambazo-olgg.curso.pythoncdmx.org,170.162.63.93,/opt/verifica_gsz.sh
tlayuda-goze.curso.pythoncdmx.org,152.51.206.20,/weird\path/run123_xiz.sh
quesadilla-bsct.curso.pythoncdmx.org,94.61.127.67,C:\Users\Admin/monitorea_vcv.sh
nopalito-wgkm.curso.pythoncdmx.org,118.127.23.36,C:\Users\Admin/script_bho.sh
bug-tkyx.curso.pythoncdmx.org,68.111.141.57,/weird\path/script_ltq.sh
quesadilla-bqot.curso.pythoncdmx.org,63.188.166.210,/home/user/deploy_hxn.sh
tamalito-keyr.curso.pythoncdmx.org,244.199.138.82,/opt/deploy_jmi.sh
chambitas-ugct.curso.pythoncdmx.org,214.174.0.246,/tmp/scripts/run123_xbu.sh
puerquito-xthu.curso.pythoncdmx.org,182.49.194.241,/root/script_ahh.sh
guajolocombo-usvb.curso.pythoncdmx.org,125.166.23.172,/usr/local/bin/inicia_qso.sh
tamalito-iqpt.curso.pythoncdmx.org,230.107.47.174,/root/inicia_fug.sh
chido-cqgu.curso.pythoncdmx.org,60.47.128.123,/usr/local/bin/script_yxq.sh
guajolocombo-xrca.curso.pythoncdmx.org,98.88.80.119,/root/inicia_qnd.sh
chido-cbpe.curso.pythoncdmx.org,91.100.107.101,C:\Users\Admin/verifica_oqv.sh
quesadilla-kdon.curso.pythoncdmx.org,104.187.153.221,/opt/monitorea_qrx.sh
chambitas-qlqu.curso.pythoncdmx.org,xyz.0.192.168.bad.-1,/opt/verifica_lxt.sh
tamalito-ethr.curso.pythoncdmx.org,-5......300.300.3x4.0,/home/user/verifica_kas.sh
chido-gjta.curso.pythoncdmx.org,.....255.xyz.abc,/weird\path/inicia_kmd.sh
nopalito-ftgt.curso.pythoncdmx.org,123.-1,/tmp/scripts/script_lyv.sh
pambazo-vxod.curso.pythoncdmx.org,999..999,/root/monitorea_ifu.sh
tlayuda-lmnh.curso.pythoncdmx.org,100.192.168,/root/deploy_zjn.sh
bug-odjk.curso.pythoncdmx.org,250.192.168.999,/home/user/verifica_amh.sh
tlayuda-pexj.curso.pythoncdmx.org,-5......5000,/root/explota_gatito_sjj.sh
tlayuda-rexp.curso.pythoncdmx.org,xyz.bad,C:\Users\Admin/script_rpg.sh
puerquito-giom.curso.pythoncdmx.org,255.bad......300.300,/opt/run123_smi.sh
puerquito-nsle.curso.pythoncdmx.org,192.168.3x4.0.777.256,C:\Users\Admin/deploy_udk.sh
pambazo-oqdy.curso.pythoncdmx.org,1a2.192.168.250.0.3x4,/usr/local/bin/inicia_xtk.sh
quesadilla-mfem.curso.pythoncdmx.org,1.bad.123,/opt/run123_fhz.sh
chido-fcor.curso.pythoncdmx.org,bad.192.168.5000.0.123,/opt/script_api.sh
guajolocombo-svtp.curso.pythoncdmx.org,250.192.168.100.0.5000,/root/run123_lwt.sh
pambazo-wiwh.curso.pythoncdmx.org,250.xyz,/tmp/scripts/run123_jqj.sh
pambazo-matn.curso.pythoncdmx.org,250..1a2.3x4,/tmp/scripts/verifica_jvi.sh
chambitas-ibza.curso.pythoncdmx.org,192.168.100.777,/root/inicia_jrm.sh
bug-iupu.curso.pythoncdmx.org,192.168.bad.999,/root/script_oxv.sh
puerquito-wzcs.curso.pythoncdmx.org,255.256.-5,/home/user/inicia_acf.sh
tamalito-ivgs.curso.pythoncdmx.org,123..999.1,/opt/run123_zkz.sh
guajolocombo-rvej curso pythoncdmx org,-5.192.168.xyz.-1,/usr/local/bin/monitorea_ntv.sh
puerquito-evkc.curso.pythoncdmx.org.org.mx,250.3@4.192.168.255.xyz,/weird\path/explota_gatito_nhh.sh
bug-cfvg.curso.pythoncdmx.org,100.0.-1.-5.....,/usr/local/bin/inicia_fbv.sh
chido-fhum.curso.pythoncdmx.org.localdomain,5000.777......3x4,/root/inicia_sjj.sh
guajolocombo-xfsy.curso.pythoncdmx.org,192.168.-1.123,/usr/local/bin/inicia_alu.sh
guajolocombo-gbwo.curso.pythoncdmx.org/inicio,255.xyz.250.192.168,/opt/monitorea_qsa sh
 puerquito-ngid.curso.pythoncdmx.org,100......999,C:\Users\Admin/explota_gatito_hlp.sh#
puerquito-dlkq.curso.pythoncdmx.org,250.abc.192.168.3x4.255,/usr/local/bin/script_qzw@sh
chido-urws@curso.pythoncdmx.org,777......100.999.5000,/tmp/scripts/deploy_kci sh
tlayuda-crmu.curso.pythoncdmx.org,999.bad, /usr/local/bin/monitorea_eke.sh
pambazo-eodr.curso.pythoncdmx.org,123.192.168,\home/user/inicia_hlr.sh
puerquito-xbet curso pythoncdmx org,100.-5.-1.,C:\Users\Admin/monitorea_shs@sh
nopalito-jbla curso pythoncdmx org,-5.5000.192.168,/tmp/scripts/script_xct.sh.localdomain
pambazo-nkog.curso.pythoncdmx.org,.....777.0.3x4, C:\Users\Admin/run123_igh.sh
nopalito-jbie curso pythoncdmx org,1.3x4.-1......777,/usr/local/bin/explota_gatito_axn sh
PUERQUITO-SQBF.CURSO.PYTHONCDMX.ORG,5000.255.123.....,C:\Users\Admin/explota_gatito_gkg sh
chido-uuyw@curso.pythoncdmx.org,.....0,/weird\path/verifica_txc sh
tamalito-buyw.curso.pythoncdmx.org.localdomain,250.abc.1.....,/root/run123_odw.sh.org.mx
puerquito-ymyn.curso.pythoncdmx.org#,-1..-5.123,/tmp/scripts/inicia_uga.scritp
 puerquito-qkgr.curso.pythoncdmx.org,255.-1.123..bad,\tmp/scripts/verifica_rtl.sh
pambazo-ewsr.curso.pythoncdmx.org,250.3x4.255, /opt/verifica_wov.sh
chido-utjo@curso.pythoncdmx.org,bad......999,/weird\path/monitorea_rgh@sh
pambazo-izmv.curso.pythoncdmx.org,250.999, /weird\path/monitorea_fco.sh
chido-hqzh.curso.pythoncdmx.org#,192.168.bad.abc.100.1,\home/user/deploy_ize.sh
chambitas-zvfn.curso.pythoncdmx.org/inicio,3@4.255.xyz.....,/weird\path/verifica_dqb sh
CHAMBITAS-UUCS.CURSO.PYTHONCDMX.ORG,250.300.300, C:\Users\Admin/verifica_zkv.sh
 chambitas-mdqz.curso.pythoncdmx.org,5000.bad,\usr/local/bin/explota_gatito_afu.sh
chido-syxp.curso.pythoncdmx.org,123.....,/usr/local/bin/inicia_byr.sh/inicio
chido-wrkp curso pythoncdmx org,xyz.777,/root/explota_gatito_vib sh
pambazo-chgn curso pythoncdmx org,1a2.999.xyz,/home/user/monitorea_dgb.scrpt
tlayuda-dzfv.curso.pythoncdmx.org#,.....100,\opt/verifica_cvs.sh
tlayuda-pdgh.curso.pythoncdmx.org.org.mx,300.300.100.999,/opt/run123_gws.sh
 pambazo-yswh.curso.pythoncdmx.org,.3@4,/root/script_mmt sh
 chido-vqui.curso.pythoncdmx.org,250.3@4.123.255.192.168,/root/deploy_qoe.sh
bug-lubs@curso.pythoncdmx.org,300.300.250.,/weird\path/verifica_wds@sh
chido-krby@curso.pythoncdmx.org,192.168.777.999.123,/usr/local/bin/verifica_owh@sh
 chambitas-gibl.curso.pythoncdmx.org,777.5000.1..123,/TMP/SCRIPTS/EXPLOTA_GATITO_JWQ.SH
tamalito-gxan.curso.pythoncdmx.org#,.....0,C:\Users\Admin/run123_yes@sh
guajolocombo-kfqp.curso.pythoncdmx.org.localdomain,1.xyz,/usr/local/bin/inicia_dra sh
nopalito-lspb.curso.pythoncdmx.org/inicio,.xyz.255.bad,/home/user/inicia_let.txt
pambazo-oysl@curso.pythoncdmx.org,250..xyz,/root/verifica_ymb sh
tlayuda-trtw.curso.pythoncdmx.org,0.bad.3x4,/usr/local/bin/deploy_rii.scritp
puerquito-upqo.curso.pythoncdmx.org/inicio,300.300.3x4.,/tmp/scripts/verifica_xby.sh.org.mx
guajolocombo-xcvu@curso.pythoncdmx.org,.xyz.256,C:\Users\Admin/run123_yda.txt
chambitas-nfrp.curso.pythoncdmx.org#,1a2.1.bad,/home/user/verifica_xmm.sh/inicio
 chido-xyxd.curso.pythoncdmx.org,255.bad.3x4.abc,/home/user/script_myl sh
 puerquito-rlgu.curso.pythoncdmx.org,xyz.777......-1,C:\USERS\ADMIN/DEPLOY_HQC.SH
 nopalito-kbva.curso.pythoncdmx.org,bad.1a2, /home/user/deploy_luj.sh
tamalito-rrde.curso.pythoncdmx.org,3x4.777.192.168.255,C:\Users\Admin\inicia_vgk.sh
tamalito-gego.curso.pythoncdmx.org,0.bad.5000.192.168.xyz, C:\Users\Admin/script_wvk.sh
 chido-wvet.curso.pythoncdmx.org,-5.3x4,/root/script_bog.sh#
bug-nbrv curso pythoncdmx org,3x4.-5.300.300.,C:\USERS\ADMIN/INICIA_NFP.SH
chido-yjbq.curso.pythoncdmx.org.localdomain,100.0, C:\Users\Admin/deploy_ohz.sh
NOPALITO-BKEQ.CURSO.PYTHONCDMX.ORG,123..255,/tmp/scripts/inicia_pqi.txt
quesadilla-lhes@curso.pythoncdmx.org,777.255,/home/user/verifica_vul.sh#
bug-tkdd.curso.pythoncdmx.org.localdomain,250..300.300,/home/user/inicia_ihy sh
tlayuda-sptg.curso.pythoncdmx.org,bad.xyz, /weird\path/monitorea_yhv.sh
nopalito-seiy.curso.pythoncdmx.org/inicio,.5000,C:\Users\Admin/script_lnm@sh
chido-fzxr@curso.pythoncdmx.org,3x4.bad,/opt/verifica_fno.shh
nopalito-dmoi.curso.pythoncdmx.org#,192.168.999.999.bad,/weird\path/explota_gatito_njc.scritp
quesadilla-brhg@curso.pythoncdmx.org,256.1.100,/weird\path/run123_huk sh
quesadilla-reea.curso.pythoncdmx.org/inicio,bad.192.168.999.999, /opt/inicia_vbw.sh
chambitas-wwer curso pythoncdmx org,300.300.250.xyz.192.168.255,/opt/explota_gatito_itj@sh
TLAYUDA-OQKY.CURSO.PYTHONCDMX.ORG,bad......xyz.-1.999,\opt/monitorea_mha.sh
guajolocombo-fjrc.curso.pythoncdmx.org,256.1.-5.xyz,/home/user/run123_ukn sh
chido-uolc@curso.pythoncdmx.org,.3@4.999,/usr/local/bin/monitorea_bjg.scritp
 tamalito-nuez.curso.pythoncdmx.org,300.300.192.168.999.777.100,/tmp/scripts/monitorea_bnp.sh#
chambitas-lpho@curso.pythoncdmx.org,250.999.192.168,/usr/local/bin/verifica_nxz.sh#
TLAYUDA-NQQH.CURSO.PYTHONCDMX.ORG,xyz.999,/usr/local/bin/deploy_imb.sh#
bug-lmoz.curso.pythoncdmx.org,.-1,/tmp/scripts/explota_gatito_fwh.sh#
tamalito-zbqz.curso.pythoncdmx.org,999.192.168.250.1a2.123,/weird\path/run123_qbb sh
bug-jqro.curso.pythoncdmx.org.org.mx,0.5000, /usr/local/bin/monitorea_tfr.sh
pambazo-xetw@curso.pythoncdmx.org,bad.3@4......xyz.255,/tmp/scripts/deploy_xwd@sh
pambazo-uvfy.curso.pythoncdmx.org/inicio,0.-5.-1.3x4.192.168,/tmp/scripts/run123_gfk.scritp
bug-ecri.curso.pythoncdmx.org,-5.0.192.168.300.300,/tmp/scripts/monitorea_zza.sh#
quesadilla-eykz.curso.pythoncdmx.org#,192.168.300.300,/home/user/inicia_jnz.shh
quesadilla-uhga.curso.pythoncdmx.org.localdomain,250.123.5000.192.168,/USR/LOCAL/BIN/EXPLOTA_GATITO_EIB.SH
puerquito-vbvx@curso.pythoncdmx.org,3x4.256.192.168.1,/weird\path/inicia_rbx@sh
tamalito-vfhi.curso.pythoncdmx.org,.....xyz.abc.0.bad, /home/user/inicia_oeq.sh
 nopalito-ffeq.curso.pythoncdmx.org,0......300.300,/root/monitorea_ekm.sh
quesadilla-sycu.curso.pythoncdmx.org,123.1......abc.777,/home/user/explota_gatito_ygl.sh
 tamalito-hucu.curso.pythoncdmx.org,100.777.abc,/home/user/run123_npz sh
tlayuda-nzsn@curso.pythoncdmx.org,777.5000.999.192.168.xyz,/tmp/scripts/inicia_qlm.sh.localdomain
quesadilla-ajgn.curso.pythoncdmx.org,300.300.3x4..255.-5,/home/user/run123_qbl.sh/inicio
BUG-KYWP.CURSO.PYTHONCDMX.ORG,-5..123.0.abc, /root/run123_bmb.sh
pambazo-hemi.curso.pythoncdmx.org,999.250., /root/verifica_kon.sh
bug-zaya@curso.pythoncdmx.org,0.xyz.3@4.-5.....,/weird\path/verifica_nwy.sh.org.mx
guajolocombo-qvzd.curso.pythoncdmx.org,250.999....., /root/run123_cyq.sh
puerquito-qkqs.curso.pythoncdmx.org#,1a2.100,/opt/deploy_zad.sh#
puerquito-vcdv@curso.pythoncdmx.org,192.168.250.123.999.-1,C:\Users\Admin/verifica_fxn.scrpt
puerquito-gges curso pythoncdmx org,.3@4.1, /tmp/scripts/inicia_gik.sh
puerquito-emnc@curso.pythoncdmx.org,1.xyz.....,/home/user/deploy_nsf.sh
quesadilla-deoa.curso.pythoncdmx.org.localdomain,999.123.192.168.1.-5,/WEIRD\PATH/MONITOREA_LXJ.SH
quesadilla-jrgc@curso.pythoncdmx.org,300.300.192.168.250.123,C:\Users\Admin/script_wfh sh
QUESADILLA-YQEL.CURSO.PYTHONCDMX.ORG,.777.999.100,/usr/local/bin/monitorea_jnf.scrpt
 nopalito-eeyx.curso.pythoncdmx.org,.-5.xyz.999.255, /opt/deploy_ibk.sh
guajolocombo-ytur.curso.pythoncdmx.org,777.3x4,/USR/LOCAL/BIN/DEPLOY_YNB.SH
chambitas-ekga.curso.pythoncdmx.org,250.3x4.999.0,/home/user/explota_gatito_qnw.scritp
tlayuda-leeb.curso.pythoncdmx.org#,xyz.5000,/opt/monitorea_lhk.shh
tlayuda-mnmc.curso.pythoncdmx.org,-5.3@4.1.192.168,C:\Users\Admin/deploy_zvl.shh
guajolocombo-poxg.curso.pythoncdmx.org.org.mx,.999.abc,/OPT/INICIA_LYP.SH
nopalito-kuwo curso pythoncdmx org,-5.255.xyz.192.168.300.300,/tmp/scripts/verifica_wjy@sh
pambazo-tmvr.curso.pythoncdmx.org,300.300.3x4......-5.1, /home/user/run123_xrr.sh
chambitas-sswr.curso.pythoncdmx.org#,3x4.-5.0.-1.,/weird\path/monitorea_oxr.sh#
guajolocombo-ywoy@curso.pythoncdmx.org,123.bad,\weird\path/verifica_ecw.sh
tamalito-hmqt.curso.pythoncdmx.org#,999......1,C:\USERS\ADMIN/SCRIPT_TNP.SH
chido-ozcr.curso.pythoncdmx.org.org.mx,250.192.168.999,/tmp/scripts/monitorea_hjm.sh/inicio
bug-bddf.curso.pythoncdmx.org,999.777.0,/usr/local/bin/explota_gatito_gyy.sh
 guajolocombo-bptc.curso.pythoncdmx.org,-1......777.123.999,/weird\path/inicia_yxb.sh.localdomain
tamalito-deds.curso.pythoncdmx.org,-1......250.1,/opt/monitorea_vfm@sh
chido-hfjf@curso.pythoncdmx.org,.123,\home/user/verifica_zua.sh
quesadilla-qrhn.curso.pythoncdmx.org,1.192.168, /opt/inicia_oej.sh
tamalito-caok.curso.pythoncdmx.org,.-5.abc,/WEIRD\PATH/RUN123_FKJ.SH
chido-oidp curso pythoncdmx org,xyz.777,C:\Users\Admin/run123_bdh.scritp
tlayuda-fwzj.curso.pythoncdmx.org.localdomain,100.0.5000.250,/tmp/scripts/inicia_qfu.scrpt
CHIDO-UFRP.CURSO.PYTHONCDMX.ORG,192.168.3x4.250,\opt/inicia_ogt.sh
puerquito-ijhy curso pythoncdmx org,xyz.-5.0,/tmp/scripts/script_xjp@sh
chido-kjeg curso pythoncdmx org,192.168.xyz.1a2.0.bad,/tmp/scripts/run123_izt.sh#
guajolocombo-pbsz curso pythoncdmx org,abc..-5.123, /weird\path/deploy_yzu.sh
chido-fshg.curso.pythoncdmx.org,.300.300.0.bad.3x4,/ROOT/EXPLOTA_GATITO_DNN.SH
bug-yotl.curso.pythoncdmx.org,250.1..3@4.100,/home/user/inicia_jmp.sh.org.mx
nopalito-lrzj@curso.pythoncdmx.org,192.168.1a2.1.123,\opt/monitorea_spn.sh
chambitas-gvdv curso pythoncdmx org,256.100,/usr/local/bin/verifica_bwa.txt
tamalito-bbdu.curso.pythoncdmx.org#,bad.300.300,\home/user/explota_gatito_mlc.sh
chido-utkf.curso.pythoncdmx.org,3x4.777.1a2.1, /usr/local/bin/inicia_ipi.sh
CHIDO-MFBL.CURSO.PYTHONCDMX.ORG,300.300.xyz.bad..999,C:\Users\Admin/explota_gatito_nec.sh.localdomain
nopalito-cbwj.curso.pythoncdmx.org,256.1.3x4.....,/root/explota_gatito_cpk.txt
 pambazo-fkcf.curso.pythoncdmx.org,-1.192.168,/home/user/inicia_dlp.sh/inicio
tlayuda-gada.curso.pythoncdmx.org#,250.3@4.0.xyz,/usr/local/bin/monitorea_eta.sh#
 tlayuda-kvxl.curso.pythoncdmx.org,.....0.300.300,C:\Users\Admin/monitorea_xai.shh
bug-ldjb@curso.pythoncdmx.org,999.255.192.168.xyz.777,\opt/inicia_hdk.sh
quesadilla-abgk.curso.pythoncdmx.org,5000.0.192.168.100.bad, /usr/local/bin/inicia_gto.sh
tlayuda-abdl.curso.pythoncdmx.org,1a2.-5.xyz..1,/home/user/explota_gatito_xft@sh
pambazo-oirs@curso.pythoncdmx.org,3@4.255.192.168.100,/root/monitorea_azg@sh
guajolocombo-fhbm.curso.pythoncdmx.org#,777.1,/tmp/scripts/deploy_bbt.sh#
guajolocombo-tlfr.curso.pythoncdmx.org,300.300.255, /tmp/scripts/verifica_ofq.sh
 tlayuda-lasx.curso.pythoncdmx.org,3@4.192.168.-5.xyz.255, /tmp/scripts/inicia_uet.sh
guajolocombo-amnv@curso.pythoncdmx.org,3x4.250.abc.192.168,/root/script_hdh.scrpt
tamalito-cber.curso.pythoncdmx.org,abc.-5..999.100,/opt/explota_gatito_uep.txt
tamalito-clav.curso.pythoncdmx.org,.256,/HOME/USER/SCRIPT_BVY.SH
tamalito-zyxh.curso.pythoncdmx.org/inicio,5000.999.3x4,\weird\path/explota_gatito_qwg.sh
nopalito-laev curso pythoncdmx org,100.256.-5.192.168,\opt/monitorea_rzz.sh
 guajolocombo-nmvh.curso.pythoncdmx.org,123.abc., /tmp/scripts/explota_gatito_hgu.sh
PAMBAZO-XCPC.CURSO.PYTHONCDMX.ORG,-5.0.....,/weird\path/monitorea_yks.sh#
chambitas-ehxr.curso.pythoncdmx.org,3x4.1.bad.5000....., /home/user/deploy_oxt.sh
bug-alib.curso.pythoncdmx.org,xyz.-1.1,/OPT/EXPLOTA_GATITO_YDC.SH
 tamalito-keyp.curso.pythoncdmx.org,250.999, /root/monitorea_hyh.sh
 chambitas-gksf.curso.pythoncdmx.org,250.....,C:\Users\Admin/script_yck.sh#
guajolocombo-zkdz.curso.pythoncdmx.org/inicio,0.256.bad.xyz,C:\Users\Admin/script_maa@sh
 guajolocombo-zwsc.curso.pythoncdmx.org,0.xyz..bad.3@4,C:\Users\Admin/explota_gatito_bru.sh/inicio
chido-izbg.curso.pythoncdmx.org/inicio,1a2.250.192.168.123,/weird\path/run123_pvy@sh
guajolocombo-spoo curso pythoncdmx org,1a2.1.,C:\Users\Admin/explota_gatito_uph@sh
bug-mocc.curso.pythoncdmx.org.org.mx,.0.xyz.bad,C:\Users\Admin/run123_qhf.sh.localdomain
nopalito-qxqy.curso.pythoncdmx.org#,100..250.1a2.255,/weird\path/inicia_ekx.sh
tlayuda-kqly.curso.pythoncdmx.org,0.300.300......777,\root/explota_gatito_lrk.sh
nopalito-igir@curso.pythoncdmx.org,777.100.5000..255,/usr/local/bin/verifica_pay sh
 tlayuda-rbrm.curso.pythoncdmx.org,192.168.999.xyz.300.300.777,C:\Users\Admin/script_huh.shh
 chido-jbcr.curso.pythoncdmx.org,abc.100,/root/script_bbl.sh/inicio
chambitas-kgzq.curso.pythoncdmx.org,255......-1.3x4.bad,C:\Users\Admin/run123_rca@sh
tlayuda-hdnp.curso.pythoncdmx.org,-1.,C:\Users\Admin/inicia_dow.sh/inicio
bug-mbug.curso.pythoncdmx.org,0.-1,\home/user/verifica_hdv.sh
BUG-WMLN.CURSO.PYTHONCDMX.ORG,.....xyz.1,/home/user/monitorea_oxz.sh/inicio
 guajolocombo-weks.curso.pythoncdmx.org,3@4.192.168.123,/usr/local/bin/run123_cxj.sh
quesadilla-lwsm.curso.pythoncdmx.org,777.-1.192.168,/root/monitorea_xra.sh/inicio
 tamalito-jzny.curso.pythoncdmx.org,-5.999.999......3x4,/weird\path/inicia_dvl@sh
 chido-axnc.curso.pythoncdmx.org,999.0.-5.....,C:\Users\Admin/explota_gatito_wjj.sh.org.mx
quesadilla-szdw.curso.pythoncdmx.org,999.1.-5,/opt/run123_ucx.sh.localdomain
 quesadilla-yxyh.curso.pythoncdmx.org,123.256,\home/user/inicia_jwb.sh
pambazo-wqld@curso.pythoncdmx.org,123.1,/weird\path/verifica_ikr.sh/inicio
 chido-fgtw.curso.pythoncdmx.org,0.123.192.168,/TMP/SCRIPTS/RUN123_GIE.SH
nopalito-sswn.curso.pythoncdmx.org,5000.192.168.250.1.xyz,\tmp/scripts/script_mos.sh
guajolocombo-jgni.curso.pythoncdmx.org#,xyz.192.168,/root/explota_gatito_kho sh
puerquito-iguz curso pythoncdmx org,-5.1.999.,/weird\path/inicia_jpq.sh
quesadilla-hntt.curso.pythoncdmx.org/inicio,.3x4.999.1a2,/root/script_xfj@sh
guajolocombo-mawo@curso.pythoncdmx.org,-1.123.999.bad., /opt/deploy_zls.sh
tamalito-pkgb.curso.pythoncdmx.org#,3x4.-1.0.192.168.777,/tmp/scripts/verifica_tjj sh
chido-kzzi@curso.pythoncdmx.org,777.0.100,/root/explota_gatito_wgu.sh.org.mx
pambazo-qfww.curso.pythoncdmx.org.localdomain,999.256.-5.123.,/root/inicia_zzk.shh
tamalito-mqlu.curso.pythoncdmx.org,-1.xyz.250.0.,/home/user/explota_gatito_ddm.sh.org.mx
chambitas-qdny.curso.pythoncdmx.org,123.1.1a2.250,/home/user/monitorea_wrd@sh
tlayuda-olpn curso pythoncdmx org,xyz......5000,/opt/verifica_ohn@sh
pambazo-zipd.curso.pythoncdmx.org,3x4.300.300.1.-5.192.168,/tmp/scripts/run123_fzp.shh
puerquito-qpeg.curso.pythoncdmx.org.org.mx,192.168.-1.999,C:\Users\Admin\inicia_sol.sh
puerquito-yedv.curso.pythoncdmx.org#,123.255..5000.bad,\weird\path/deploy_cdg.sh
guajolocombo-xark.curso.pythoncdmx.org.org.mx,5000.250,/home/user/verifica_iul@sh
 quesadilla-sdov.curso.pythoncdmx.org,999.-5.123,C:\Users\Admin/run123_gdo.shh
 chambitas-qcnb.curso.pythoncdmx.org,-5.abc.999..123,\home/user/run123_hwy.sh
puerquito-qfiw.curso.pythoncdmx.org.org.mx,1a2.192.168.bad.3x4.255,/home/user/run123_qzr.sh.localdomain
chido-fuav@curso.pythoncdmx.org,1.250.3x4.5000.....,/weird\path/verifica_cvq.sh#
CHIDO-JVYY.CURSO.PYTHONCDMX.ORG,.....250,C:\Users\Admin\deploy_spa.sh
bug-gbxk.curso.pythoncdmx.org.localdomain,100.999.192.168, /weird\path/inicia_oho.sh
TAMALITO-SXYZ.CURSO.PYTHONCDMX.ORG,-1.0,/tmp/scripts/run123_zob@sh
chido-naut.curso.pythoncdmx.org#,777.-1.0,C:\USERS\ADMIN/EXPLOTA_GATITO_ILG.SH
 pambazo-ojso.curso.pythoncdmx.org,100.5000.777,/home/user/inicia_kdk.sh/inicio
tlayuda-lagl.curso.pythoncdmx.org/inicio,192.168.256,/weird\path/run123_xbj.txt
puerquito-zrmp.curso.pythoncdmx.org,100.1,/weird\path/monitorea_uvn@sh
chido-sgac.curso.pythoncdmx.org,100.192.168,/USR/LOCAL/BIN/MONITOREA_EHA.SH
quesadilla-wqpv curso pythoncdmx org,999.3x4.,C:\Users\Admin/monitorea_cig.sh/inicio
nopalito-yyuj.curso.pythoncdmx.org/inicio,777.xyz.1.1a2.,/usr/local/bin/explota_gatito_emv@sh
quesadilla-lsrd@curso.pythoncdmx.org,192.168.123,/home/user/deploy_cqx.sh#
 tamalito-crvo.curso.pythoncdmx.org,3x4.250.1a2,/opt/inicia_hxd.sh/inicio
guajolocombo-ledy.curso.pythoncdmx.org/inicio,999.192.168.1.-5,C:\Users\Admin/inicia_hko.sh/inicio
pambazo-xcor curso pythoncdmx org,192.168.5000.xyz.255,/root/script_gek sh
nopalito-lnap.curso.pythoncdmx.org,300.300.-5,\tmp/scripts/inicia_vpn.sh
 quesadilla-vsat.curso.pythoncdmx.org,.3@4,/root/inicia_ebc.sh#
chambitas-yxky.curso.pythoncdmx.org#,5000.100.255..-5,/root/script_gjf sh
tlayuda-isua@curso.pythoncdmx.org,300.300.999,/weird\path/inicia_bas.sh/inicio
 guajolocombo-rsgd.curso.pythoncdmx.org,1......256.123.-5,/weird\path/verifica_eis.sh
puerquito-yujm.curso.pythoncdmx.org,100.0.1a2.-5.....,/weird\path/script_jzi@sh
puerquito-qtbd curso pythoncdmx org,.....250.3x4,/weird\path/verifica_tck.sh/inicio
nopalito-ecwt.curso.pythoncdmx.org,3x4.1a2.255.bad,/home/user/monitorea_jlh.sh.localdomain
tlayuda-dbmv curso pythoncdmx org,256.3x4.192.168.1.777,C:\Users\Admin/monitorea_bem@sh
chido-ygsz.curso.pythoncdmx.org,999.-5,\opt/verifica_idf.sh
pambazo-fqun.curso.pythoncdmx.org#,.256,/weird\path/run123_ewj.scritp
bug-iphm.curso.pythoncdmx.org.localdomain,abc.777.1.3x4,C:\Users\Admin/explota_gatito_fmc.txt
puerquito-yzfi.curso.pythoncdmx.org#,999.xyz.-5.192.168.5000,C:\Users\Admin/inicia_byg.sh#
 guajolocombo-kbwz.curso.pythoncdmx.org,256.123,C:\Users\Admin/run123_tos.sh.org.mx
puerquito-nozi.curso.pythoncdmx.org,999.255.xyz.777.,/opt/inicia_mou.sh/inicio
guajolocombo-fevp.curso.pythoncdmx.org,abc.255,C:\Users\Admin/verifica_xdc sh
 tlayuda-cgyz.curso.pythoncdmx.org,255., /opt/deploy_kjs.sh
quesadilla-rbse.curso.pythoncdmx.org,300.300.1.777.,/tmp/scripts/explota_gatito_www@sh
chido-ccfs.curso.pythoncdmx.org,250.256., /opt/explota_gatito_pzg.sh
tlayuda-gqqa.curso.pythoncdmx.org,3@4.3x4.255.-5.,/weird\path/verifica_evp.sh.org.mx
chido-fxdh curso pythoncdmx org,3x4.bad.256, /opt/monitorea_kda.sh
chambitas-lnst.curso.pythoncdmx.org,5000.xyz.250.255.192.168,C:\Users\Admin/run123_ugw@sh
nopalito-itxr curso pythoncdmx org,255.3@4.3x4.,/opt/verifica_dfx sh
guajolocombo-iaej.curso.pythoncdmx.org,.....xyz.777,/weird\path/verifica_jwh sh
bug-idkh.curso.pythoncdmx.org,-1.-5.192.168.3x4,/tmp/scripts/verifica_fpd@sh
tlayuda-beys.curso.pythoncdmx.org#,3x4.999.-5.0.192.168,/opt/run123_shb.sh
 pambazo-icau.curso.pythoncdmx.org,-5.1a2.1,/weird\path/script_oks.sh#
puerquito-gaxd.curso.pythoncdmx.org,300.300.xyz.255.777.,\home/user/monitorea_ovc.sh
quesadilla-iwou.curso.pythoncdmx.org,192.168.1.-5.xyz.3@4,/tmp/scripts/deploy_wxy sh
tlayuda-wcpp@curso.pythoncdmx.org,192.168.777.3x4,/opt/inicia_cik sh
CHIDO-XDJN.CURSO.PYTHONCDMX.ORG,777..3@4.100.999,/root/run123_wfn sh
guajolocombo-cuse.curso.pythoncdmx.org.localdomain,-1.-5.192.168.255,\tmp/scripts/monitorea_gbh.sh
tlayuda-xsro.curso.pythoncdmx.org.localdomain,123.999.-5......255,/weird\path/verifica_nrh.scrpt
bug-fjoc.curso.pythoncdmx.org,300.300.bad.xyz., /weird\path/monitorea_jbb.sh
tlayuda-trms curso pythoncdmx org,256.250.192.168,/ROOT/EXPLOTA_GATITO_OAZ.SH
TLAYUDA-WBZP.CURSO.PYTHONCDMX.ORG,.....300.300.1.-5.xyz, /tmp/scripts/verifica_mcc.sh
puerquito-hyib@curso.pythoncdmx.org,xyz.abc..1,/USR/LOCAL/BIN/EXPLOTA_GATITO_ZNK.SH
guajolocombo-smae.curso.pythoncdmx.org,250.999.1a2..3x4,/tmp/scripts/monitorea_znj.sh.localdomain
chambitas-dybc.curso.pythoncdmx.org,5000.100......0.250,/tmp/scripts/monitorea_kld.sh#
guajolocombo-nkxk curso pythoncdmx org,.....-1.-5.xyz.255, /home/user/verifica_ppt.sh
chido-iugv.curso.pythoncdmx.org,.....100.bad.1,/weird\path/explota_gatito_rcx sh
bug-xcnd curso pythoncdmx org,250.....,/OPT/INICIA_ROG.SH
tamalito-mjpw.curso.pythoncdmx.org#,bad.abc......1.123,\tmp/scripts/explota_gatito_pvf.sh
tamalito-yagz.curso.pythoncdmx.org,999.250.999.192.168,C:\Users\Admin/deploy_tbi.scrpt
tlayuda-keou.curso.pythoncdmx.org/inicio,1a2..xyz,C:\Users\Admin/inicia_zao sh
nopalito-jhht curso pythoncdmx org,xyz.1.300.300.777,C:\Users\Admin/explota_gatito_umx.txt
chambitas-oihp.curso.pythoncdmx.org#,5000......0.bad,/opt/monitorea_dtq sh
guajolocombo-wklv@curso.pythoncdmx.org,xyz.3@4.-5.0.,C:\Users\Admin/inicia_lcb.txt
pambazo-fkdv.curso.pythoncdmx.org,.....250,/weird\path/monitorea_tmv.sh
tamalito-rojf.curso.pythoncdmx.org#,abc.255.bad.192.168, /root/run123_qcj.sh
bug-xogi.curso.pythoncdmx.org,999.....,\tmp/scripts/explota_gatito_ngh.sh
bug-fhci curso pythoncdmx org,abc..777,/root/explota_gatito_rju@sh
tlayuda-ivqy.curso.pythoncdmx.org,5000.777.....,/weird\path/explota_gatito_bcm.sh/inicio
 guajolocombo-tpiy.curso.pythoncdmx.org,1.250,/opt/verifica_kaa.sh#
pambazo-vewg.curso.pythoncdmx.org,xyz.999.-5.-1,/WEIRD\PATH/DEPLOY_FIN.SH
chambitas-jszg.curso.pythoncdmx.org,100..bad.abc,/root/run123_ehk.scrpt
 tamalito-hiis.curso.pythoncdmx.org,.250.255.1a2.123,/weird\path/verifica_zsy.txt
guajolocombo-ddjo.curso.pythoncdmx.org,-1......0.777.xyz, /root/deploy_rld.sh
guajolocombo-fvrt.curso.pythoncdmx.org,250.5000.255.123.,/weird\path/script_rdo.scrpt
chido-rkit.curso.pythoncdmx.org,xyz.abc,C:\Users\Admin/deploy_aca.sh#
guajolocombo-pkie.curso.pythoncdmx.org/inicio,3@4.100.-5,/weird\path/deploy_dwk sh
tamalito-iiry curso pythoncdmx org,-5.999.1a2.3x4.192.168,/usr/local/bin/inicia_xba.sh#
 chambitas-djis.curso.pythoncdmx.org,.5000.-5.0,/weird\path/run123_tqb.txt
quesadilla-uisz.curso.pythoncdmx.org#,777.3@4,/opt/script_llg sh
chambitas-ddsv.curso.pythoncdmx.org#,xyz.192.168,/ROOT/RUN123_BWW.SH
chambitas-uffl curso pythoncdmx org,1.300.300,/weird\path/monitorea_tww.sh.org.mx
 quesadilla-kxol.curso.pythoncdmx.org,192.168.abc.100.-5, /weird\path/monitorea_ryr.sh
chambitas-jcme.curso.pythoncdmx.org#,123.192.168.250,\opt/run123_vfy.sh
bug-xtng.curso.pythoncdmx.org#,xyz.250..255,/OPT/EXPLOTA_GATITO_YEE.SH
guajolocombo-desa.curso.pythoncdmx.org,0.1a2.-5.xyz,/home/user/inicia_yzi sh
TLAYUDA-ZIJB.CURSO.PYTHONCDMX.ORG,777......3@4,/root/explota_gatito_hpv@sh
quesadilla-hvar.curso.pythoncdmx.org,3x4......1.-1,/opt/monitorea_imm.sh
 puerquito-iarf.curso.pythoncdmx.org,5000.1.192.168.bad.3x4,\weird\path/inicia_oeo.sh
nopalito-kihm.curso.pythoncdmx.org,100.5000.999,/tmp/scripts/inicia_yxy.sh
tamalito-ctri.curso.pythoncdmx.org.localdomain,1a2.-5.0.xyz,/root/deploy_kmp@sh
bug-pfio@curso.pythoncdmx.org,.123.-1.1,/tmp/scripts/run123_ncc sh
chido-madg@curso.pythoncdmx.org,255.100.,/opt/monitorea_hse.sh
 guajolocombo-hyot.curso.pythoncdmx.org,-1.123.192.168.0.bad,C:\Users\Admin/explota_gatito_zqq.sh#
quesadilla-nqko.curso.pythoncdmx.org#,-1.123.192.168, /weird\path/inicia_dtd.sh
tlayuda-znmo.curso.pythoncdmx.org#,1a2.123.192.168.-5.999,/home/user/explota_gatito_rpd.sh#
 tlayuda-xsic.curso.pythoncdmx.org,-5.1.xyz,/usr/local/bin/explota_gatito_pvq sh
nopalito-ians.curso.pythoncdmx.org,-1.bad.123.192.168.1,/home/user/deploy_eks.sh
guajolocombo-gdep curso pythoncdmx org,xyz.999.-5,/tmp/scripts/monitorea_qgj.sh/inicio
nopalito-mjzo.curso.pythoncdmx.org,0.777.abc.100,C:\Users\Admin/monitorea_ynr.sh#
chido-sako.curso.pythoncdmx.org,777......100, /home/user/explota_gatito_qwv.sh
quesadilla-fpkh@curso.pythoncdmx.org,-5.abc.100,/root/script_lpi sh
 quesadilla-lcqq.curso.pythoncdmx.org,255..123.abc.-5,/weird\path/verifica_osl@sh
chambitas-ibjm.curso.pythoncdmx.org,0.100.abc.250.,\opt/script_aoa.sh
nopalito-cnmr.curso.pythoncdmx.org#,0.123.192.168.bad.5000,\weird\path/inicia_jrr.sh
tamalito-wpxq.curso.pythoncdmx.org,-5.123.1.300.300.....,/home/user/inicia_ryc.sh.org.mx
tlayuda-kxkl.curso.pythoncdmx.org,.300.300.999,/weird\path/explota_gatito_pur.sh#
chambitas-tgsw.curso.pythoncdmx.org,192.168.250.xyz.abc.999,/home/user/deploy_mwt.sh.org.mx
PUERQUITO-EFPN.CURSO.PYTHONCDMX.ORG,3x4.-5.....,C:\Users\Admin\verifica_gja.sh
chambitas-zrnu.curso.pythoncdmx.org,999.0.3x4,\weird\path/explota_gatito_xui.sh
chambitas-ezzt curso pythoncdmx org,777.5000.999.192.168.xyz,\tmp/scripts/explota_gatito_ffs.sh
puerquito-jhsk@curso.pythoncdmx.org,100.255.abc,/home/user/script_atd.sh/inicio
guajolocombo-xwcu.curso.pythoncdmx.org,777.300.300.192.168,C:\Users\Admin/explota_gatito_flk.sh.localdomain
BUG-WNPE.CURSO.PYTHONCDMX.ORG,abc.777,/opt/explota_gatito_epy.sh.localdomain
puerquito-yzco.curso.pythoncdmx.org/inicio,255.xyz,/root/deploy_lav.sh/inicio
nopalito-oesk.curso.pythoncdmx.org.org.mx,5000.255.,/weird\path/script_mbi@sh
 puerquito-obfx.curso.pythoncdmx.org,5000.255.192.168,/opt/deploy_drs.sh.org.mx
guajolocombo-ytag.curso.pythoncdmx.org,-1.192.168.777.1,\home/user/script_ddp.sh
 pambazo-krag.curso.pythoncdmx.org,250.192.168.100.255.300.300,/weird\path/inicia_wde.sh#
puerquito-trru curso pythoncdmx org,0.bad.xyz.....,/opt/monitorea_djj.sh.org.mx
guajolocombo-ohty.curso.pythoncdmx.org.localdomain,3x4.-5,/weird\path/script_ipt.sh.localdomain
quesadilla-lhme.curso.pythoncdmx.org#,-1.xyz.0,/root/deploy_sqg.sh.org.mx
GUAJOLOCOMBO-EOYK.CURSO.PYTHONCDMX.ORG,-5.192.168.3@4.255,/opt/script_qez.sh/inicio
guajolocombo-fdzq@curso.pythoncdmx.org,777.256.,C:\Users\Admin/run123_dxy.sh
 tamalito-rlly.curso.pythoncdmx.org,-1.250,/root/verifica_nvd sh
guajolocombo-upjv curso pythoncdmx org,256.0.bad.....,/home/user/script_nfq.sh#
guajolocombo-hjby.curso.pythoncdmx.org#,.xyz.abc.999,/home/user/explota_gatito_uca.sh
tlayuda-ogmg@curso.pythoncdmx.org,999.999.250,/tmp/scripts/inicia_jfg@sh
chido-dhbz curso pythoncdmx org,bad.256.123.....,/ROOT/INICIA_DQT.SH
tamalito-leeu.curso.pythoncdmx.org,1.100.abc.,/opt/verifica_pnl sh
guajolocombo-ybjo.curso.pythoncdmx.org,bad.xyz.abc.255,/TMP/SCRIPTS/MONITOREA_AUU.SH
quesadilla-qiwb curso pythoncdmx org,255.192.168.3x4.bad.3@4,C:\Users\Admin/run123_nbx@sh
puerquito-sdgg.curso.pythoncdmx.org.org.mx,abc.255,/usr/local/bin/explota_gatito_ebt.scrpt
quesadilla-haqf.curso.pythoncdmx.org.localdomain,100.300.300,/usr/local/bin/inicia_cid@sh
tamalito-medm.curso.pythoncdmx.org,192.168.1.999.-5.100,/weird\path/monitorea_ueu.sh.localdomain
chambitas-oeaw.curso.pythoncdmx.org/inicio,.3x4.999.bad,/home/user/explota_gatito_nsq sh
chambitas-xtao.curso.pythoncdmx.org,.abc.777.3x4.0,/home/user/run123_sql sh
pambazo-lxan.curso.pythoncdmx.org,1.,C:\USERS\ADMIN/MONITOREA_DGS.SH
bug-trbt.curso.pythoncdmx.org,777.999.300.300......xyz,/usr/local/bin/deploy_rnp.sh
tlayuda-selr.curso.pythoncdmx.org,.....-5.100.-1.999,C:\Users\Admin/monitorea_ccu.scritp
guajolocombo-xoac.curso.pythoncdmx.org.org.mx,xyz.256..1,/opt/monitorea_ivp.sh.org.mx
tlayuda-droy.curso.pythoncdmx.org,-5.999.,/root/run123_kdl.sh.org.mx
tamalito-iwyk.curso.pythoncdmx.org,777.300.300.0,/opt/script_kvy sh
nopalito-tskl@curso.pythoncdmx.org,250.-1.999.3x4.,/home/user/inicia_hux.sh#
 bug-eqht.curso.pythoncdmx.org,0.250..5000,/weird\path/explota_gatito_ure@sh
puerquito-dlkm curso pythoncdmx org,.3x4,C:\Users\Admin\verifica_xkm.sh
tamalito-tcio.curso.pythoncdmx.org,123.-5.3@4.255,/usr/local/bin/verifica_joy.sh#
guajolocombo-vrbk.curso.pythoncdmx.org,0......256.100.250,/weird\path/explota_gatito_rxf.sh/inicio
 bug-hwtu.curso.pythoncdmx.org,123.....,/usr/local/bin/run123_cqm.sh#
guajolocombo-efar@curso.pythoncdmx.org,1.100,/home/user/verifica_pcl.scrpt
tlayuda-gfzh.curso.pythoncdmx.org.org.mx,.....-5,C:\USERS\ADMIN/DEPLOY_ZKB.SH
tamalito-tafl@curso.pythoncdmx.org,5000.1..100,C:\Users\Admin/script_usr.scrpt
 chido-bjfe.curso.pythoncdmx.org,3x4..999.3@4,/home/user/run123_piy.sh.org.mx
chambitas-waqi.curso.pythoncdmx.org#,300.300..xyz.1.777,/opt/monitorea_oki.sh.localdomain
puerquito-pkuy.curso.pythoncdmx.org,3@4.255.100..-5,/usr/local/bin/run123_ncy.sh
tamalito-aben.curso.pythoncdmx.org#,192.168.0.777.5000.100,\root/inicia_zfc.sh
tlayuda-drwt@curso.pythoncdmx.org,192.168.bad.0.abc.100, C:\Users\Admin/deploy_jvt.sh
chido-kxmc.curso.pythoncdmx.org,3x4.300.300.192.168.255.bad,/root/run123_hkm.sh.localdomain
tamalito-lncz.curso.pythoncdmx.org#,256.xyz.250......1,/weird\path/run123_bny.sh#
puerquito-sjmt@curso.pythoncdmx.org,.....0.300.300.250.100,/opt/script_vml@sh
tlayuda-woci@curso.pythoncdmx.org,bad.0.123......1a2,/root/deploy_vbp sh
NOPALITO-IPRQ.CURSO.PYTHONCDMX.ORG,777.999.0.123.....,/usr/local/bin/deploy_wip@sh
 guajolocombo-pplq.curso.pythoncdmx.org,777.5000......100.0,\tmp/scripts/run123_jhn.sh
quesadilla-gjqo.curso.pythoncdmx.org.localdomain,3x4.192.168.777.0,/weird\path/script_kzw.sh.org.mx
chambitas-uuwc.curso.pythoncdmx.org,192.168.100.300.300,\weird\path/explota_gatito_wzf.sh
tamalito-zhpa curso pythoncdmx org,.....100.255,/tmp/scripts/deploy_yil@sh
tlayuda-equw@curso.pythoncdmx.org,.....xyz.-5,/tmp/scripts/inicia_sko.sh.org.mx
 tamalito-vzed.curso.pythoncdmx.org,300.300..1.bad.3x4,/tmp/scripts/script_ugg sh
bug-hpbv.curso.pythoncdmx.org,bad.-1.123..255,\root/run123_gxu.sh
puerquito-cfoo curso pythoncdmx org,123.256,/weird\path/monitorea_wpm sh
nopalito-mrog.curso.pythoncdmx.org,192.168.xyz,/WEIRD\PATH/RUN123_ZPW.SH
bug-tkpw.curso.pythoncdmx.org#,999.1......123,/opt/verifica_iyy.sh.org.mx
chido-xykc.curso.pythoncdmx.org#,999.250,/OPT/VERIFICA_FQE.SH
quesadilla-zrxh curso pythoncdmx org,.....250.999,/root/explota_gatito_ixc.scritp
puerquito-txxq@curso.pythoncdmx.org,5000.3x4.0.bad.....,C:\Users\Admin/monitorea_eto sh
bug-wuaq.curso.pythoncdmx.org,abc.255.-5......100,/tmp/scripts/verifica_sgv.scrpt
tamalito-bhhy curso pythoncdmx org,255.5000.777,/tmp/scripts/explota_gatito_rzk.shh
nopalito-eyju.curso.pythoncdmx.org,.....255.3x4.1a2,/weird\path/monitorea_mfo.sh#
nopalito-plmi@curso.pythoncdmx.org,xyz.bad.....,C:\Users\Admin/inicia_rqn.sh.localdomain
guajolocombo-yepi.curso.pythoncdmx.org,xyz.255.-5.,/opt/deploy_uaf.txt
chido-ghxh.curso.pythoncdmx.org,0.250..5000, /home/user/script_pza.sh
chambitas-nimc.curso.pythoncdmx.org,1.192.168,/opt/script_jpy@sh
nopalito-fevx.curso.pythoncdmx.org#,999.123.777......300.300,/root/run123_jgj.sh.localdomain
 quesadilla-gudz.curso.pythoncdmx.org,777.255,/root/monitorea_kfh.sh#
pambazo-nogj.curso.pythoncdmx.org,123.bad.192.168.1a2, /weird\path/verifica_gmc.sh
guajolocombo-sikz.curso.pythoncdmx.org,3x4..-5,C:\Users\Admin/run123_gal.txt
chido-jpgl.curso.pythoncdmx.org#,300.300.123.-5.0.192.168,C:\Users\Admin\inicia_pjz.sh
nopalito-qjdl.curso.pythoncdmx.org,.....999.123,/opt/verifica_oup.sh#
quesadilla-dpsz.curso.pythoncdmx.org,bad......-1.255,/tmp/scripts/monitorea_pvm.sh
tlayuda-fimn.curso.pythoncdmx.org.localdomain,250.999.192.168.256,C:\Users\Admin/run123_nat.txt
puerquito-xzla@curso.pythoncdmx.org,999......3@4,/opt/run123_qrn.scrpt
 puerquito-bumm.curso.pythoncdmx.org,999.123.0.....,C:\Users\Admin/run123_lca.scrpt
guajolocombo-ibel.curso.pythoncdmx.org,250.300.300.0,/tmp/scripts/script_zoi sh
chambitas-ysmu.curso.pythoncdmx.org.localdomain,192.168.abc.250,/usr/local/bin/run123_pxu sh
 tlayuda-wjre.curso.pythoncdmx.org,777.abc,C:\Users\Admin\deploy_dbw.sh
 quesadilla-cmty.curso.pythoncdmx.org,5000.-5.123.999,C:\Users\Admin/deploy_smt.shh
tlayuda-yzfv.curso.pythoncdmx.org,999.999..3x4, /tmp/scripts/script_ktn.sh
bug-gxbp curso pythoncdmx org,192.168.1,/tmp/scripts/deploy_obk.sh#
chido-cnom.curso.pythoncdmx.org#,-1.-5.192.168,C:\Users\Admin/verifica_ahx.sh
nopalito-esok.curso.pythoncdmx.org,3@4.250.192.168.100,/opt/run123_jmx@sh
tamalito-vbdl.curso.pythoncdmx.org.org.mx,777.192.168,/root/verifica_qgn.sh#
nopalito-vuuf@curso.pythoncdmx.org,-5.....,/HOME/USER/VERIFICA_CBZ.SH
puerquito-zzce curso pythoncdmx org,-5.3x4.192.168.1a2, /tmp/scripts/deploy_dlh.sh
tlayuda-gzmo.curso.pythoncdmx.org,999.256,\opt/verifica_rxk.sh
tlayuda-qecm.curso.pythoncdmx.org,bad.999......100.300.300,/root/script_bpx.sh
 quesadilla-yavi.curso.pythoncdmx.org,bad..100.1a2,/weird\path/explota_gatito_zwp.sh#
chido-tdou.curso.pythoncdmx.org#,256.123,C:\Users\Admin/explota_gatito_tuw.sh#
nopalito-dsbb.curso.pythoncdmx.org.localdomain,.....255,/usr/local/bin/explota_gatito_kkm@sh
chambitas-kxyu.curso.pythoncdmx.org#,192.168.1.xyz.abc,/usr/local/bin/inicia_ymm.sh
 bug-tdlf.curso.pythoncdmx.org,-1.777.1.xyz,/tmp/scripts/run123_wtu@sh
tlayuda-gjub.curso.pythoncdmx.org,0.1a2.-5.....,/opt/script_twa.sh.org.mx
puerquito-iwtz.curso.pythoncdmx.org,777.1.300.300.192.168.xyz, /root/deploy_kcr.sh
chambitas-cikj@curso.pythoncdmx.org,1.250.1a2,/tmp/scripts/run123_fzu.sh/inicio
nopalito-jwch curso pythoncdmx org,1.300.300.3x4.192.168.-5, /weird\path/script_kma.sh
guajolocombo-vxme@curso.pythoncdmx.org,bad......999.100.0,\tmp/scripts/script_pts.sh
puerquito-pzqk.curso.pythoncdmx.org#,3x4.300.300......1.bad,/home/user/script_gso.shh
bug-vbjd curso pythoncdmx org,100.777,/root/monitorea_hmg@sh
guajolocombo-mfgm@curso.pythoncdmx.org,-1.250.0.100., /usr/local/bin/inicia_gjf.sh
puerquito-wggh.curso.pythoncdmx.org#,3x4.255.abc.250.,/home/user/inicia_ihw.sh/inicio
puerquito-lhiy.curso.pythoncdmx.org#,250.100,/opt/explota_gatito_tne.txt
nopalito-nxdm.curso.pythoncdmx.org#,255.1a2,C:\Users\Admin/script_wes.sh#
chido-qloo.curso.pythoncdmx.org/inicio,-5.255......5000,/opt/deploy_kiw.sh.org.mx
pambazo-utah.curso.pythoncdmx.org.localdomain,1.192.168.256.xyz.-5,/weird\path/inicia_zxb@sh
quesadilla-fmqj.curso.pythoncdmx.org#,777.999.3x4,/root/monitorea_qsm sh
chambitas-ktlv curso pythoncdmx org,100.255.-5.,/root/verifica_ffw.sh.localdomain
 tlayuda-axyj.curso.pythoncdmx.org,192.168.xyz.-1.bad.255,/root/script_ttz.scrpt
chido-eddg curso pythoncdmx org,192.168.250,/home/user/verifica_gsz@sh
pambazo-bwwg curso pythoncdmx org,256.3x4.bad.255,\usr/local/bin/deploy_wvt.sh
NOPALITO-LDGH.CURSO.PYTHONCDMX.ORG,100.5000, /usr/local/bin/verifica_mfc.sh
pambazo-cfhz.curso.pythoncdmx.org.org.mx,999.3x4.5000.777.....,/tmp/scripts/inicia_fcw sh
tlayuda-mqcq.curso.pythoncdmx.org,250.255.5000.192.168,/tmp/scripts/inicia_ibb.sh
 guajolocombo-kcvb.curso.pythoncdmx.org,256.192.168.-5,/weird\path/inicia_rcb.scritp
 puerquito-lrfm.curso.pythoncdmx.org,192.168.250.1a2,/weird\path/run123_gdk.sh.org.mx
quesadilla-seyd.curso.pythoncdmx.org,-5.0.xyz,/weird\path/explota_gatito_zxt.sh.org.mx
 chambitas-kusb.curso.pythoncdmx.org,300.300.123.250.,/weird\path/inicia_xxw@sh
puerquito-pamp.curso.pythoncdmx.org/inicio,.....3x4.0, /opt/verifica_rdt.sh
chambitas-pcta@curso.pythoncdmx.org,3@4.xyz.192.168.1.777,/usr/local/bin/explota_gatito_oyc.sh#
tamalito-cojb.curso.pythoncdmx.org.localdomain,-5......999.-1.xyz,/weird\path/verifica_rqx@sh
bug-meav.curso.pythoncdmx.org,3x4.999..777.255,/home/user/deploy_dqb sh
guajolocombo-jckd.curso.pythoncdmx.org,bad.255,/TMP/SCRIPTS/INICIA_YRX.SH
GUAJOLOCOMBO-YXRA.CURSO.PYTHONCDMX.ORG,123.256.192.168,/usr/local/bin/inicia_hes sh
quesadilla-wjar.curso.pythoncdmx.org,123.abc, /opt/script_yxy.sh
nopalito-cxmc.curso.pythoncdmx.org,.....xyz.0,C:\Users\Admin/inicia_hau sh
 guajolocombo-hirp.curso.pythoncdmx.org,-5.xyz.192.168.0, /tmp/scripts/explota_gatito_uwx.sh
tlayuda-xcuo.curso.pythoncdmx.org,192.168.777,/root/script_zzb.sh.localdomain
guajolocombo-fjba.curso.pythoncdmx.org,256.250.192.168,/ROOT/EXPLOTA_GATITO_UFO.SH
 tlayuda-cahw.curso.pythoncdmx.org,-5.999.3x4,C:\Users\Admin/monitorea_rlw sh
puerquito-efzk@curso.pythoncdmx.org,255.-1..100.bad,/usr/local/bin/run123_esh.sh/inicio
quesadilla-rtwj.curso.pythoncdmx.org#,192.168.0.300.300.250,/home/user/explota_gatito_vty@sh
bug-lppa.curso.pythoncdmx.org.org.mx,123.999.bad.....,/weird\path/run123_gjc.sh#
tlayuda-nrgd.curso.pythoncdmx.org#,777.100.999,/root/script_nat.sh#
puerquito-qsid.curso.pythoncdmx.org,-5.xyz.3@4,/tmp/scripts/monitorea_fln.scrpt
chido-egwa.curso.pythoncdmx.org,bad.999.192.168.256.100,/usr/local/bin/run123_ioi.sh#
chambitas-hklj.curso.pythoncdmx.org,777......999.3x4.5000,/OPT/RUN123_QYS.SH
PUERQUITO-XRDD.CURSO.PYTHONCDMX.ORG,192.168.1.xyz,/root/inicia_zbq@sh
pambazo-zdxd.curso.pythoncdmx.org/inicio,3x4.255.192.168,/weird\path/explota_gatito_ltv.sh
pambazo-rxmu.curso.pythoncdmx.org#,250.1.....,\tmp/scripts/monitorea_fpj.sh
bug-iyfz.curso.pythoncdmx.org,300.300., /opt/deploy_qic.sh
nopalito-iarx curso pythoncdmx org,0..256.250,/usr/local/bin/monitorea_tvb.sh#
chido-mebl.curso.pythoncdmx.org.org.mx,255......250, /home/user/deploy_thr.sh
tamalito-jdrg.curso.pythoncdmx.org,5000.1.-5,/usr/local/bin/inicia_yuw.sh#
pambazo-iszh@curso.pythoncdmx.org,1.256.3x4..777,C:\Users\Admin/verifica_xob.sh#
 chambitas-zivg.curso.pythoncdmx.org,123.-1.999.777,/opt/explota_gatito_tjw.sh
 guajolocombo-vrel.curso.pythoncdmx.org,xyz......250,/tmp/scripts/monitorea_ihw@sh
bug-skjs@curso.pythoncdmx.org,0.3x4,\home/user/deploy_zqd.sh
quesadilla-mceb curso pythoncdmx org,5000.123.-5......255,C:\Users\Admin/explota_gatito_lqr sh
chido-kyuh.curso.pythoncdmx.org,250.3x4.999.....,/home/user/script_mii@sh
 guajolocombo-gwvh.curso.pythoncdmx.org,-5.100.1,/tmp/scripts/explota_gatito_egy.scritp
tamalito-csmf@curso.pythoncdmx.org,300.300.0.192.168,C:\USERS\ADMIN/SCRIPT_KLP.SH
quesadilla-gwlh.curso.pythoncdmx.org,999.xyz,/home/user/monitorea_hup.sh/inicio
bug-gujc curso pythoncdmx org,1.192.168.999.123.250,C:\Users\Admin\monitorea_qet.sh
tamalito-uewd.curso.pythoncdmx.org,777.xyz.....,\tmp/scripts/script_ohl.sh
QUESADILLA-VGTM.CURSO.PYTHONCDMX.ORG,abc.255, /tmp/scripts/monitorea_qsq.sh
puerquito-kucq@curso.pythoncdmx.org,.....777.xyz.1,/weird\path/deploy_xmy.sh/inicio
nopalito-rqtb.curso.pythoncdmx.org.localdomain,xyz.255.1a2.....,/home/user/explota_gatito_zig.sh
pambazo-vqvi curso pythoncdmx org,3@4......0.3x4.250,/tmp/scripts/monitorea_dwn sh
tamalito-cyii.curso.pythoncdmx.org.org.mx,100.777.999.3@4.,C:\Users\Admin/deploy_utu.scrpt
quesadilla-xorv curso pythoncdmx org,777..255.3x4,/usr/local/bin/monitorea_yck.shh
 quesadilla-dmts.curso.pythoncdmx.org,999.bad..5000.123,/USR/LOCAL/BIN/SCRIPT_HAA.SH
tamalito-lonu@curso.pythoncdmx.org,5000.-5.999,\root/deploy_vgh.sh
chido-lkwx.curso.pythoncdmx.org,777......1a2.1.xyz, /usr/local/bin/monitorea_skd.sh
puerquito-jjwn.curso.pythoncdmx.org,0......100.777,/opt/inicia_tla.shh
chambitas-udwz.curso.pythoncdmx.org/inicio,1a2..255.100.bad,/root/explota_gatito_ose.sh/inicio
tlayuda-azpt.curso.pythoncdmx.org,.100.777.3@4,/opt/script_oup.sh#
quesadilla-aurj.curso.pythoncdmx.org.org.mx,.100.300.300,\home/user/monitorea_zum.sh
guajolocombo-cbdk@curso.pythoncdmx.org,123.255.777,/opt/script_nkm.sh#
bug-bmaf.curso.pythoncdmx.org,256.192.168.100.255, /root/deploy_imi.sh
tlayuda-dohb.curso.pythoncdmx.org,.....777.1,/weird\path/explota_gatito_lvb sh
bug-pvvi@curso.pythoncdmx.org,100.999......1a2.bad,\weird\path/explota_gatito_rfj.sh
puerquito-zsku.curso.pythoncdmx.org,777.999......3@4,/weird\path/monitorea_ezk.shh
chambitas-icaa.curso.pythoncdmx.org,1.999....., C:\Users\Admin/verifica_bqe.sh
 bug-gzmv.curso.pythoncdmx.org,999.255,/root/inicia_ypu@sh
tamalito-duxx.curso.pythoncdmx.org.org.mx,xyz.bad.192.168.1,/usr/local/bin/verifica_jvh.sh.localdomain
chambitas-ptmc@curso.pythoncdmx.org,1a2.999,/usr/local/bin/run123_rts.sh
bug-wqtv.curso.pythoncdmx.org#,.3x4,/weird\path/run123_cpl.shh
nopalito-ukmd.curso.pythoncdmx.org,.....xyz,/usr/local/bin/run123_uhm@sh
quesadilla-nqfr.curso.pythoncdmx.org/inicio,xyz.999.bad.....,\home/user/verifica_abr.sh
nopalito-hfae.curso.pythoncdmx.org/inicio,999......1a2.123.777,/opt/monitorea_zxc.sh#
puerquito-wsrj@curso.pythoncdmx.org,100.bad.1.abc.,C:\Users\Admin/explota_gatito_aam.scrpt
nopalito-gtrk.curso.pythoncdmx.org,192.168.1a2,\opt/explota_gatito_cou.sh
PUERQUITO-VZLL.CURSO.PYTHONCDMX.ORG,-5.123.-1, /root/verifica_ymb.sh
 tlayuda-bxsu.curso.pythoncdmx.org,123.250.256,C:\Users\Admin/run123_bhn sh
guajolocombo-mpty.curso.pythoncdmx.org,999.250,/usr/local/bin/deploy_kpm.sh/inicio
pambazo-uirt curso pythoncdmx org,-1......1.123.777,/tmp/scripts/script_sma.sh.localdomain
 quesadilla-nwmi.curso.pythoncdmx.org,-5.0......256,/HOME/USER/RUN123_OEZ.SH
tamalito-pwgu@curso.pythoncdmx.org,.....999.-5.xyz,/home/user/explota_gatito_hdi.sh#
quesadilla-fkvl curso pythoncdmx org,-5..255,C:\Users\Admin/deploy_asl sh
GUAJOLOCOMBO-EQMC.CURSO.PYTHONCDMX.ORG,-1.bad.192.168.xyz.255,C:\Users\Admin/script_ckl.sh/inicio
quesadilla-ldmk.curso.pythoncdmx.org,xyz.,/tmp/scripts/monitorea_dwt.sh.org.mx
tlayuda-wjhv.curso.pythoncdmx.org#,5000.999.xyz.-5.....,/home/user/run123_soa.sh
chido-jyvy@curso.pythoncdmx.org,.999.777,/USR/LOCAL/BIN/EXPLOTA_GATITO_CMA.SH
guajolocombo-aeky curso pythoncdmx org,256.123,\weird\path/run123_hdx.sh
tamalito-zxek.curso.pythoncdmx.org.org.mx,100.777.999.999,/ROOT/RUN123_PFL.SH
nopalito-ryhf.curso.pythoncdmx.org,3x4.300.300.0.,/usr/local/bin/explota_gatito_lwl.txt
pambazo-jfcv.curso.pythoncdmx.org,999.3x4.999.-5.192.168, /tmp/scripts/explota_gatito_tbf.sh
 bug-zxaf.curso.pythoncdmx.org,0.250......5000.100,/tmp/scripts/monitorea_ziu sh
puerquito-isfp@curso.pythoncdmx.org,bad.192.168.3@4,C:\Users\Admin/run123_hwl.sh.localdomain
chambitas-jbzo@curso.pythoncdmx.org,123.-5.-1,C:\Users\Admin/inicia_zkw.sh
bug-slqv@curso.pythoncdmx.org,256.3x4.-5......999,C:\Users\Admin/run123_upy.scrpt
tlayuda-jlaw curso pythoncdmx org,3x4.192.168,/root/explota_gatito_vcb.scrpt
bug-tztw curso pythoncdmx org,192.168.1,/opt/monitorea_htk.sh
pambazo-wgag curso pythoncdmx org,999.123.-1, /root/script_afa.sh
tlayuda-fxjf curso pythoncdmx org,100.0.250,/opt/run123_wta@sh
nopalito-izcx.curso.pythoncdmx.org,.....999.-1, /home/user/deploy_ysk.sh
pambazo-isxf.curso.pythoncdmx.org,1.xyz......999, /weird\path/explota_gatito_ljb.sh
bug-xpdv.curso.pythoncdmx.org#,bad......3x4,/home/user/inicia_kzq@sh
tamalito-dzhh curso pythoncdmx org,-5.100.0.,C:\Users\Admin/verifica_fyg.sh#
tlayuda-dbdz.curso.pythoncdmx.org/inicio,100..250.999,/HOME/USER/SCRIPT_XKI.SH
quesadilla-ijex.curso.pythoncdmx.org,xyz.-5.1,/home/user/explota_gatito_idh.sh#
tlayuda-flqu@curso.pythoncdmx.org,192.168.xyz.5000.1,\root/monitorea_nvi.sh
puerquito-qkjx curso pythoncdmx org,0.bad.192.168.-1, /opt/monitorea_zju.sh
tlayuda-llta@curso.pythoncdmx.org,100.1a2,/usr/local/bin/inicia_fpd.sh/inicio
puerquito-xidb.curso.pythoncdmx.org.org.mx,.5000.1.100.250, /tmp/scripts/inicia_xcz.sh
nopalito-rwji@curso.pythoncdmx.org,-1.123,/root/run123_nmx.sh/inicio
tamalito-pcgv.curso.pythoncdmx.org,192.168.1a2,/opt/deploy_eij.sh/inicio
tlayuda-ldmz.curso.pythoncdmx.org,255.100.777,/usr/local/bin/script_pic@sh
 tlayuda-ffge.curso.pythoncdmx.org,-5.1.123,/tmp/scripts/run123_oaa sh
nopalito-cwye.curso.pythoncdmx.org,999..bad,/usr/local/bin/verifica_rsr.sh
pambazo-bnqu.curso.pythoncdmx.org#,255.abc.777,/tmp/scripts/script_wbw@sh
 puerquito-euss.curso.pythoncdmx.org,300.300.xyz......999.777, /usr/local/bin/deploy_mqa.sh
guajolocombo-ankd@curso.pythoncdmx.org,192.168.-5, C:\Users\Admin/script_rlh.sh
bug-ewhe.curso.pythoncdmx.org,xyz.1..-5.5000,/weird\path/inicia_mxi.sh#
chido-cyug.curso.pythoncdmx.org,250.xyz,/opt/verifica_azn.sh#
tlayuda-aask.curso.pythoncdmx.org,777.3x4,/usr/local/bin/script_oks.sh/inicio
chido-spbt.curso.pythoncdmx.org#,255.192.168.1a2,/opt/monitorea_lpf.scritp
tamalito-cpja curso pythoncdmx org,xyz.999.1a2.-5.192.168,/usr/local/bin/run123_sql.sh.localdomain
 puerquito-dmak.curso.pythoncdmx.org,123.250.1,/weird\path/explota_gatito_mzz@sh
nopalito-aofe.curso.pythoncdmx.org/inicio,255..xyz.999,\root/monitorea_bdd.sh
chambitas-ucqu.curso.pythoncdmx.org/inicio,.....256,/opt/deploy_gqf@sh
bug-nmkx.curso.pythoncdmx.org#,192.168.3x4.bad,C:\Users\Admin/explota_gatito_cpz.sh
tamalito-mwco.curso.pythoncdmx.org/inicio,.....777.999.3x4,/HOME/USER/DEPLOY_CUI.SH
 guajolocombo-fiuu.curso.pythoncdmx.org,123.300.300.192.168.1,/usr/local/bin/run123_kki.sh#
puerquito-jfvd curso pythoncdmx org,1a2.255.-5,\weird\path/explota_gatito_eth.sh
pambazo-rent curso pythoncdmx org,777..xyz.0.-1,/weird\path/deploy_hxw@sh
chido-pfwq.curso.pythoncdmx.org,-5.192.168.100.0,/home/user/explota_gatito_smm@sh
tamalito-khip curso pythoncdmx org,3x4.,/home/user/explota_gatito_jus.txt
TLAYUDA-UMCR.CURSO.PYTHONCDMX.ORG,-1......123.bad,/weird\path/script_imc.sh
bug-thly.curso.pythoncdmx.org,.300.300,C:\Users\Admin/verifica_kxg sh
nopalito-rwcj curso pythoncdmx org,3x4.5000,/tmp/scripts/verifica_zpz.txt
chido-dmso.curso.pythoncdmx.org,999.1.-5......123,/root/deploy_yzg@sh
chido-sqvk.curso.pythoncdmx.org#,100.255..777,/opt/inicia_osq.sh
nopalito-kwax.curso.pythoncdmx.org#,3x4.3@4.777.192.168,\root/deploy_vid.sh
QUESADILLA-GLNF.CURSO.PYTHONCDMX.ORG,1a2.xyz......0.bad,/tmp/scripts/monitorea_gys.sh#
chido-vmux@curso.pythoncdmx.org,bad.0..100.3@4,/root/verifica_qhg sh
guajolocombo-tkxm.curso.pythoncdmx.org,-1......-5.xyz.255,/root/monitorea_lgu.sh#
tlayuda-annn.curso.pythoncdmx.org,bad.999,/opt/deploy_rbz@sh
tlayuda-vbmf.curso.pythoncdmx.org,100.192.168.1a2,\weird\path/verifica_hmg.sh
puerquito-swnm.curso.pythoncdmx.org,bad.999.0.123.192.168,\home/user/verifica_slb.sh
nopalito-wvqo.curso.pythoncdmx.org.localdomain,999......-5.5000,/tmp/scripts/inicia_kdv sh
puerquito-wrlk curso pythoncdmx org,xyz.1..250,/weird\path/inicia_uyg@sh
quesadilla-evpt.curso.pythoncdmx.org.localdomain,xyz.255,/tmp/scripts/verifica_xvr.sh.org.mx
tlayuda-vymo.curso.pythoncdmx.org,0.250..123.3@4,/usr/local/bin/run123_qjj.sh#
puerquito-kvpe@curso.pythoncdmx.org,100.bad.3@4,/root/run123_uam.sh.org.mx
chido-fsny.curso.pythoncdmx.org.localdomain,123.1.192.168.3@4.bad,/usr/local/bin/deploy_zzi.sh#
chambitas-yhzp.curso.pythoncdmx.org,256.-5,/opt/monitorea_jyx.sh#
tlayuda-pkaj.curso.pythoncdmx.org,250.0..3@4.3x4,/tmp/scripts/verifica_yqd sh
puerquito-lagp.curso.pythoncdmx.org,.1,\weird\path/script_rnj.sh
tamalito-knyk.curso.pythoncdmx.org,300.300.3x4,/usr/local/bin/verifica_aul.txt
chido-lbaq.curso.pythoncdmx.org/inicio,.100.5000, C:\Users\Admin/inicia_iok.sh
guajolocombo-knpk.curso.pythoncdmx.org,5000.0, /weird\path/run123_lwh.sh
puerquito-iyra.curso.pythoncdmx.org,xyz.5000.-5.192.168,/root/inicia_xnt sh
tlayuda-eqqc curso pythoncdmx org,300.300.3x4.192.168.0,/root/script_fdv.sh.localdomain
bug-yrsw.curso.pythoncdmx.org.org.mx,3@4.xyz.1.777,\root/explota_gatito_yoc.sh
 bug-fxgh.curso.pythoncdmx.org,.....5000.xyz.bad.1,\root/inicia_nry.sh
guajolocombo-qinv curso pythoncdmx org,300.300.-5,/usr/local/bin/run123_tje@sh
pambazo-ewfp@curso.pythoncdmx.org,100.-5,/root/script_mvs.scrpt
 chambitas-lgex.curso.pythoncdmx.org,999..xyz.0,/tmp/scripts/verifica_qlj.sh#
pambazo-givx.curso.pythoncdmx.org,255.123.192.168.5000, /home/user/script_suy.sh
 quesadilla-uuha.curso.pythoncdmx.org,100.250.5000.,/opt/verifica_kxg sh
BUG-DFDL.CURSO.PYTHONCDMX.ORG,.123,\tmp/scripts/explota_gatito_jnk.sh
TLAYUDA-ZKPD.CURSO.PYTHONCDMX.ORG,0.5000,\tmp/scripts/deploy_mcl.sh
guajolocombo-dbgp@curso.pythoncdmx.org,250.256.0.,/tmp/scripts/script_pjk.sh.localdomain
bug-adge.curso.pythoncdmx.org,abc.bad,/home/user/inicia_xrf sh
tamalito-iptz@curso.pythoncdmx.org,192.168.1.777.-1,C:\Users\Admin/verifica_gmm.sh#
GUAJOLOCOMBO-KAXH.CURSO.PYTHONCDMX.ORG,-5..xyz,/weird\path/deploy_kjo.sh.org.mx
guajolocombo-vsyy.curso.pythoncdmx.org#,abc......0.-5.3x4,C:\Users\Admin\monitorea_rdj.sh
chido-wtof.curso.pythoncdmx.org#,0.777.abc.123,/usr/local/bin/inicia_rzh sh
puerquito-vmdq@curso.pythoncdmx.org,xyz.999.192.168.1a2.bad,/home/user/explota_gatito_qgn.sh/inicio
chido-poqv@curso.pythoncdmx.org,-5.999.1a2.123.192.168,/home/user/verifica_auu sh
guajolocombo-haqs@curso.pythoncdmx.org,123.999.-5.abc,/WEIRD\PATH/RUN123_YZM.SH
chambitas-igom.curso.pythoncdmx.org.localdomain,-5.999.100, /usr/local/bin/verifica_nmf.sh
puerquito-xzaz@curso.pythoncdmx.org,bad.1.123.300.300.....,/weird\path/verifica_deu sh
 chido-crgy.curso.pythoncdmx.org,-5.3@4......123, /tmp/scripts/verifica_daf.sh
bug-cnoz.curso.pythoncdmx.org,.....1a2.bad.xyz.255,/usr/local/bin/script_mwz.sh.localdomain
pambazo-gymd.curso.pythoncdmx.org#,.....255.3x4.-5, /usr/local/bin/deploy_qun.sh
tamalito-rmqw curso pythoncdmx org,abc.,C:\Users\Admin/explota_gatito_lsu@sh
tlayuda-fmfb@curso.pythoncdmx.org,250.-1.192.168.1.3x4, /tmp/scripts/run123_ouk.sh
guajolocombo-wpcj.curso.pythoncdmx.org,abc.250.192.168.1,C:\Users\Admin/run123_iov.txt
tlayuda-voja.curso.pythoncdmx.org.localdomain,123.1a2.777.192.168.1, /root/inicia_dug.sh
nopalito-grxb.curso.pythoncdmx.org,192.168.3@4,\opt/verifica_sgl.sh
pambazo-agva.curso.pythoncdmx.org,300.300......3x4, /root/monitorea_upg.sh
